feature_1,feature_2,feature_3,feature_4,feature_5,target
0.6802302084176292,-1.3569355696995753,0.223153054747697,-1.936752702502465,0.551885971822154,12.318727180035426
1.0305805856240573,-0.9077561801469204,1.5192839236417688,-0.6578345538521371,0.5107920885275947,65.01676701359307
2.0997217891665154,0.2658782296520485,-0.4367197360405955,-0.24702570074599667,-0.06613261462582246,70.92390858003085
-0.18144906924751675,-0.1581538443723203,3.2430929695947333,-0.10633700253131496,2.3079162506161106,162.0936703447698
1.2235688824186275,0.3721054726068629,0.3891591956679287,1.0964692338108837,-0.053120653017545344,38.77321907519986
-0.8353470532597573,1.2477420726737338,-0.6734906242438685,2.1451491277733883,0.27899416222380197,-18.448914361107406
-0.28744751940035557,3.9262377064363267,-2.0841129394985884,0.2873289044030093,1.7246966497611085,101.61024334767954
1.6291663649009451,0.5027448074908146,-2.4932708203300775,-0.581782033392054,-0.965664803523208,-44.48202780879539
1.0240625258114624,2.006092888159123,2.061503576636398,0.5925269492011831,1.2083662305931424,163.42838199330637
0.8901984111247868,-0.7584953347000695,-0.23040071420576733,1.0352493347237526,-0.9242331442683044,-29.72660363673614
0.5500520990245519,0.9407711879882159,-0.9824873935383096,-0.9683444548636353,-0.2246331499970246,-5.860201509234548
-0.016422896072752075,1.7945578635177877,-0.5176112990361714,1.188393273448084,0.2237879516388985,30.356797486572315
-1.17223375343664,-0.15032046027187207,-0.32669621318636405,0.46436986354657417,-1.0425776946705763,-90.03124531527413
-1.3459796802467485,0.5866938014752747,-0.47490365662252443,0.12637957954641182,0.8712972974572442,-14.559717660685916
0.3842020720058965,-1.2699985973938759,0.6688401305462182,-0.9944285217997922,0.6719446078144975,32.06244912010964
0.7796605322693398,-1.1057046684859357,-0.21492103028873533,1.3103087461196083,-0.30803428418574125,-8.468141705791005
0.570507208354516,0.5152943216244674,-0.8342818100346248,-0.5806483025539511,2.184096733380456,106.93132318119174
-2.650969808393012,0.10643022769189683,-0.2549772174208553,1.0915068519224618,1.5039929885826886,-2.3640851299720094
-1.3659557112005343,1.0599363840466218,0.6170059495766975,1.2119439853864005,0.6835693232004776,20.240879693228564
-1.2926253471522626,-0.14702542343084998,0.8407344821295493,-0.5321685631271895,0.2078025073533134,-18.91330800434198
0.41293145427562433,-0.14705738150213865,-0.8254971967925115,-0.5637245528039747,-0.32138584165299344,-23.33503836541792
0.2952799406208684,0.6460061871145515,-2.3716593608588923,-0.7764991404930003,2.0420696529278803,71.56895498530065
-0.46770120131189136,-1.1196698946261439,-1.2946814757209058,0.3465038817307158,1.1608267873785194,-8.40616985921518
0.8861911885847956,-1.500221861446936,-0.7788370428204348,-0.06263957732723487,1.3510728924131392,41.6144530757715
-1.7397137787780996,0.7716987106483447,-2.8485426206300755,-0.36244094140313216,1.1487657003721035,-35.09074687751917
-0.0033744574109520514,0.7783610761666377,-0.5511857163285334,-0.17018462252492844,-0.8181988834223072,-37.73907364153109
-0.9355962987624259,-1.1869933883057446,1.0578141808207961,-0.17791787580439816,-0.589112132781127,-55.56469014162203
0.9356783931474612,-0.7778166875908753,-1.1105758454658288,1.2715550949941588,1.7522704434236227,66.74601174431557
0.32950873557300914,-0.04551224530124217,-0.4242363333980435,-1.5171736966716791,-0.5698329282387588,-13.96803116841349
-2.132595626154836,-1.4359095238685275,-1.3158158164275071,1.0126374096440718,0.2810092502818063,-101.09339200661499
-0.29175863225853715,0.9976320769202445,-0.2867942357382693,-0.059826143529903696,0.7595148874861078,15.74017333599592
-0.13216935564437185,-1.031955242094435,0.5954908976392573,0.07227896538428889,-0.5898947564628909,-25.04262328776005
-1.422974925261673,-0.20252422706483003,-0.5282970466629792,-0.9701242603796436,1.036087651046256,12.439887270663412
0.15449366559525113,1.0059245117964166,-1.1274960989530387,-0.3365525898781734,1.127908993253569,44.918055243161504
-0.8256536828021421,0.4080528468367557,0.5507975722736632,0.1493634822711889,0.44477380783159476,8.440143733760177
-0.8000385643976464,-0.6256772874962124,-1.3192471945987674,-0.0635245746153551,-0.20298063739565708,-74.45374085536126
-0.006521315229458062,0.6515219913395057,-1.1376856704248166,0.5987943895619102,-0.20149153394751798,-8.93094950645547
1.7958776730955217,0.2029230208512997,-1.515744114997232,-0.6127886904843862,1.5475052013300616,84.31659007335739
0.3336621052869483,0.07156623721939247,-0.4776574467651167,1.0375399442578992,0.47897982574639186,21.174684271441453
0.0917607765355023,0.8219025043752238,0.08704706823817122,-1.9875689146008928,-0.29900735046586746,8.313499157294764
0.9843223984765838,0.23421473253652075,1.5505004928140769,-0.21398884422550896,-0.998354040738791,2.8376666794499883
0.8968393158655319,-0.4830610516834395,0.14679301198554937,-0.2685306479058323,1.6122206282554243,108.24521537987465
0.18106274277108234,-0.5505519317084877,0.31635832153614474,1.3032780373160637,-0.8852486861242225,-33.68813196459963
-0.1891203907770335,0.10435593752321293,-0.8987840483231282,0.9216501119244593,-1.3303136257389898,-93.09981161948019
0.09767609854883172,-0.40122047188583626,0.22409248181041677,-0.7730097838554665,0.01259240078179486,11.254305062734002
-2.0858978777333372,1.5287478505409084,-0.08104596472174376,-1.4720370730267915,-1.0084487325473497,-77.31622557089327
-0.5164296438875717,0.820344012612456,-0.03361256470371301,-0.19646658342809717,0.4547409121411344,29.81753564915848
1.0581183250871502,0.6032475005713938,0.29815846599052565,0.3676198402097109,0.6386601686431024,66.76911882639286
0.1895816165987434,0.23836898273478513,0.9751976297824297,1.0010460925671412,0.5010941699398452,62.668583594479315
-1.1533505105959594,-1.0753123930492379,1.676393027208203,1.1373145423647293,-0.9455068799427312,-77.6143845104835
0.5059655534558652,-1.0240285908863795,-0.2798103423770061,-0.7282722024066131,-0.9645377949101913,-57.48147152357528
-1.6394841625254342,1.472670675750982,-0.6039806259692295,-0.39247110606087293,-0.22954865536034708,-46.746215879130986
0.24380071377119883,-0.5020542243526112,-1.0212328171307132,-0.5640786307367284,0.7083564472993533,11.35829243723247
-1.2096947428411076,-1.9754665663538713,-0.9393353938187543,0.5999287299962045,-0.14408755572161547,-85.10386434106756
-0.30356432526591504,1.0071572005966691,0.5179947763914519,-0.0809173376626882,0.02620475277403566,2.6318041816546973
-0.0681234251679531,-0.10128071870153288,-0.5984375805810469,0.3639706308527381,-0.9665878909853152,-65.86680836755653
0.6833289928110694,0.8872908372667421,-0.7632861041785816,-0.20931381957936157,0.03793783544760203,15.22344647676099
0.42934082280173436,1.00163182520856,1.3934545275244314,0.3796396483859655,0.7105491022977853,109.32689390624867
1.1890165311075518,-0.6231405264247644,-0.5554771191602547,1.4205042479898549,-0.6373871273065177,-10.863163491434328
-2.5623336587953105,-0.5132135664715852,-0.22859991534001858,-0.19102776260016902,-0.9943493746085122,-132.34236222526445
1.4436320034688142,-0.01383774609423725,-0.6897277740641738,-1.2565068942792563,-0.493122822399772,6.930416764598743
-2.0903028988531567,-0.30561061415380336,0.7309589763762161,-0.1702582467959055,-0.6506598273683837,-60.0229163045766
-0.33078922432755736,0.9784221120280351,0.5221425459339358,-0.7801991291174627,-1.1036698285303692,-26.075239581465603
-1.8665399513606162,1.321304032273012,1.4196030045136372,1.0075136898369221,-0.6004235657387051,-45.97459815388365
0.9039348410861953,-1.072139011985607,-2.9213504834946074,-2.3629324355418384,0.4365598041576678,-16.691237356621556
1.5646436558140062,0.36139560550841393,1.5380365664659692,-2.6197451040897444,-0.03582603910995154,79.98795190601098
-1.1306153349375263,-0.4516594761596227,0.19502498402812674,0.6227112239002686,-0.7582820688875902,-85.70585945924994
0.2806364044901364,-1.1119670257741636,1.4641772387524374,1.7586204841951334,0.996858773465808,48.0343060382854
-0.8153756283161211,0.2869558543017087,-0.8319549174944512,-1.066234931899225,-0.6382827265284942,-82.77253614268396
0.7094518171390395,-0.09053328230416077,0.33198033056901455,-0.43548637056984335,0.1904996797790664,11.856653142951423
-0.7353034606819523,1.78179890877106,-1.6566232076777738,0.7214793237573432,-0.5244481362626519,-31.019052122114005
-0.600638689918805,0.11092258970986608,-1.1509935774223028,-0.2916937497932768,0.37569801834567196,-21.29675083041011
-0.06418817710849775,-0.7188323876087304,0.7450053128772811,0.09175248444837286,-0.19469729611668168,3.1107842146599864
0.5609194479412387,-0.3700110298821277,-0.25879606266710237,-0.29548031802916036,1.598647170504717,95.41448810929373
-0.9846547848472624,-1.5271678565896476,-1.055089368176695,-0.7925234471152126,0.12626773623406817,-86.04294890227031
-1.4785862457798415,-2.211135309007885,0.23561455810856594,1.143754043206929,0.7708651938869668,-31.37012377632232
-0.5844552918504382,-0.5964114079688796,-0.2991817724274345,-0.7493576894227776,0.8089192693927194,11.278698644141409
-1.913280244657798,-0.46341769281246226,-0.46572975357025687,-1.7249178325130328,0.24196227156603412,-49.78324446963224
-0.9627325652846123,0.446872500802698,-0.34254920085776497,-0.20661127969604665,0.1704637709965709,-1.0306725759049336
-1.5304614097433769,1.146030144142065,-0.7773714848459066,1.6296421311127987,1.558789184496894,31.426486382052367
2.1422703586118637,0.5228354880354996,-0.573700003938579,1.7275431701007113,-0.02435459226098284,47.84760859473067
0.19259691873130513,1.635797806135815,-0.22104246353705057,2.3921096352739926,0.06936980265806943,25.722043173975976
0.8135096360006385,-0.2176812032272203,1.09877685198719,1.305478807154329,0.8254163489880298,78.83843301385984
-1.1958830620351844,0.5885784044206096,1.6699045043514062,0.4446026682201407,0.3946715298229811,33.15484822582388
1.4816634024625988,1.9541574337502863,-0.5057467042619367,1.9625871905307948,-1.0589075870566005,11.982498143852512
0.7579218499236196,-0.5353350870162231,0.35845361820962024,0.6855077387902041,-0.7309562757154733,-20.61968645873087
-1.237815498826849,0.11351734525124804,0.6621306745210467,2.1330333746562666,1.586016816145352,49.06761060587558
0.32782117284308526,0.5346290861224353,-2.6357477390168778,0.9242701395378298,0.003375506597160999,-46.71691435728058
-0.14994071907910936,0.8282296901846228,1.090861670603698,-1.433151814524712,-0.4629395120252583,0.671501837552924
-2.1715714047604475,-0.6135876053627944,0.19624094066672046,-0.00811320161175029,0.5457867135323555,-37.176911059979
1.1126883749899252,-1.0293715081820716,-1.3526702858435344,-0.6292633936927887,-1.5223591862178911,-83.12562278092538
-0.661786464768388,0.6339190223180112,-2.025142586657607,0.852433334796224,0.18645431476942764,-34.64343892313025
-1.0773760769847582,0.33085130461557777,1.451001438131336,1.3764964500195378,0.8794170411374032,51.36576798135872
-1.405189846803575,-0.2788833941507565,0.8451579711843216,-0.05240445057746945,-0.04889718347410554,-28.38867653179592
1.100959634998571,-0.9193845915864234,-2.5302875227463297,1.9583474542205939,-0.2860042218801108,-66.96434573934843
1.1947628618769377,0.73463754545933,-0.9858038086678267,0.8946471875738723,-0.2841550979287972,12.441870916913434
0.000682818957482628,-0.8239354869719996,-0.7191094514491859,0.7821300015314592,2.049812095785926,62.45727679180148
-0.45965677227299695,1.193112945851028,1.0215153927818639,-1.079842447781487,0.9189148546583293,70.26412396288018
0.019381237698025213,0.015182942540433121,-0.9748065759228419,-2.3203155982304233,0.6455877121741934,7.581823362110974
-0.09858813228426173,0.44194064956940904,-1.090399077442846,0.018849622944847662,1.41093237974627,64.79498700169123
1.9234457948249533,-2.0820987031889873,0.5531491563792091,-0.7746149700185819,-0.5482002981667726,2.9034959746984823
-0.04015795064434341,1.4401172154494728,-0.6763923020592697,-1.4307751021180481,1.8009404329108156,89.83392474001222
1.3728484746765302,-0.19003903500149447,-0.3574454228104272,-2.211861911329507,-0.18039168176240783,14.985296253950793
-0.6056155397368641,-0.20932367715186612,-0.6690727386599166,1.8260097135469362,1.0399046873960764,15.13215594051981
-0.9399031011088647,-1.6075598643689741,-0.7627247785662142,0.8294748419317485,-0.7691423497872982,-119.19004113492463
-0.5123742406766936,0.06783851391693768,-2.0199273321561364,0.05586393984449697,1.44194500580189,21.263666084452
1.5091310134045506,0.20323595458603103,-0.45763324933761523,0.605606232631313,0.18568858041873892,58.7657096314121
1.5284684264125317,0.9278401280812372,0.0570131248970845,0.5078357562896237,0.26859227886325693,86.45765360827552
0.7441857103150346,0.5964411375817527,-0.6342858476894031,0.42154608353656126,-0.23596998721097162,6.971357789651653
-0.42688106994742003,-1.6924646297148194,1.5295503194606137,-1.0121043752601675,-0.15800789857898942,-14.562275008695027
0.09965136508764122,2.1904556258099785,-0.9905363251306883,-0.5034756541161992,-0.5662977296027719,-5.0543679477474175
-0.3212427661179117,-0.11676591579524663,-0.6355578414044034,1.8325570434792018,1.7388513518533313,67.75568758725657
0.5432980290363879,0.12522450264790727,-0.429405541125253,0.04886007032570433,0.12229750303228377,24.859324015047406
0.23070090571868349,-0.17585440443207118,1.6614701657280182,-1.2601647651725802,0.020886488295961788,43.044674666323104
1.029413100955326,0.249548189598077,-1.183056184734389,0.796701927070742,-0.25276325509618536,5.578681985971598
0.6103702654334648,-0.8289950109220723,-0.5601810401969696,-0.020901593964148132,0.7472936051232618,34.75240254214459
-0.4442932600761116,-0.510016398854747,-0.26987493529337125,0.3773004930448522,-0.9787637157823074,-72.21459561848735
-1.042044412243103,0.8745170741325226,-0.6497652268482671,-0.48720292119492714,-1.2032008553891445,-93.34857887505616
0.7175422557959623,-1.183258512665775,-2.0392321777601006,1.502357052096028,-0.26940683444455776,-68.71655427245206
-0.4482246163001494,-0.5859276733177553,0.32910677871012955,-0.6922503292658964,1.2528426344274837,39.32379863057725
0.924027019206901,-0.3095464393139903,0.326133022242118,-0.18490213644298903,-1.251113576385303,-34.275197750912994
-1.0325239035275395,1.0715431522348857,0.19063559126502433,0.39792704994680894,0.9413105807674833,27.96463446477388
0.8584511166566653,-0.4081008391602206,-0.9958153947902291,-0.2346205699574138,0.651136241823657,35.06000645993389
-1.5256563145700948,0.9325908318730899,-1.4183657329330317,1.262584103427182,-1.7608088119807759,-139.17586156753538
0.6220699903060487,1.4313667818311835,1.0817667276728287,1.3289333195354096,-1.3122191934314063,0.004204732489811791
0.8929538701087693,1.3305749040390402,-1.1967886464263116,1.8296202017160872,0.8936976893891109,60.79571106132469
-1.443604262169765,0.66536893503283,-0.7961368031864954,-0.4829098394605177,-0.9500634974661272,-81.31151126214974
0.501782736167545,-0.15589817793666752,-0.5482872964906009,1.1173988159024608,0.1600182258527877,3.8774696457655597
-1.1115802495135512,0.3131321400131553,0.6870657958589163,-0.035825578706462934,1.466540859278603,58.041295060249325
0.1458364702153839,-0.40436199269002276,-0.6862791357550845,0.5852994365163381,-1.4326712897396527,-67.74301920930415
-1.0147594931858521,-1.1818741254208012,0.44947391283230687,-0.36146276669398575,2.0860470495371137,62.649063387848784
0.8840453963610497,-0.021367294348436157,-0.7472116791478234,0.7368438970924334,-2.4242402602729416,-116.03129404532905
1.8071966436378852,-0.07744346072599365,-1.1952937635992447,-1.6826586941226858,1.4509275482792119,98.1741247203538
-0.3732682459413141,-0.3918767653868664,-1.017764309076953,0.6445184916452914,-1.027403551526011,-68.03929557886136
-0.45709625658627184,-0.027514905050636255,1.772251596669744,-0.6022120603617805,1.66125921454787,88.59785077123139
-1.2829922241885696,-0.04692057887918407,0.47704082722312147,0.99626681944714,0.07682189106025536,-30.057924990478902
0.058208718445999896,0.3853173797288368,-0.883857436201133,-1.142970297830623,0.1537251059455279,-9.684610553343632
-1.830632896856457,-2.703232292999237,0.6778753195309076,0.5112025995249807,-0.6540756831274238,-120.54035620236657
0.21539650545628794,0.14125714008746323,-2.1305664798072006,0.5082686396745896,0.7682072166317373,19.903626744131707
1.3508523306990055,0.09297924652940966,-0.4684961133603157,-0.6536791406374189,-0.758765257935375,-3.6116198648558817
0.18455130319703697,-0.5518581458924467,2.5581992856682523,1.5421099525678756,-0.5642475986573886,27.1715666744569
-0.8022772692216189,-1.4153707420504142,-0.42064532276535904,-0.16128571166600914,-0.3427145165267695,-47.78722186290564
-0.3883469383011584,0.11314045705302281,-0.3631166611555665,-0.30561911106831297,-2.00745686074501,-111.24935776995527
-0.8583577801812136,2.632382064837391,0.4933179008808892,0.7003098794089914,0.1848361236948739,37.49001537765722
1.2557561255735208,-0.30917212346863937,0.22213377163371284,-0.8946073022195039,-0.4787486216634773,22.64714589672553
-1.7033824393551547,0.07409478041977519,1.6286155455712918,-0.05554769889661878,-1.3801014582148914,-87.22548491090822
0.24395319790850026,0.16476084123651674,0.05088770185601806,-0.22320225463480511,0.1733416643704082,19.778939064364707
-0.5069431753711298,-0.8222203955664315,0.2436872114919123,-0.4710383056183228,0.24496657110872277,-6.33588155148773
0.12320480678448567,-0.8432465953161917,2.1709427174978138,0.5514853760404675,-0.1758858124323366,13.421606325875352
0.12557645347154225,-0.29756350335999193,1.3757068133116195,-0.1730718242838696,-0.15005558703252672,7.244794952921531
-0.049029340838036735,1.5944423917491968,0.678946987762233,-0.16036008104483077,-0.81240234893742,-9.473496466598219
0.9715709509543554,2.060747924881987,1.7553408424432044,0.6453759495851475,-0.2489641484790735,85.19856262532824
0.9863765059059371,0.7938184671438157,-0.29737607924310644,-0.7119732272589228,-0.24638340251454802,39.03763712135286
2.5797093376543185,-0.5574917850078336,-1.3698029795790778,-0.8036745679697308,-0.08828204835125482,24.730426741593043
-0.8903178480198718,0.30170000890173554,0.1755362295785979,-0.06407776414871663,-1.8437935834807457,-114.34948410695266
1.5781180575621845,0.2522403964266774,-0.11622904312195817,0.9854496856152184,0.21471318317052634,72.50969226293074
0.23924686411114954,-1.9792998103757877,0.7479102561175338,2.0740826697499735,-1.0727430257398065,-74.97412089025212
0.961987189071841,0.2063617713254507,1.4621959387176369,-0.23701197001262772,0.4486357645145273,86.29452471848988
-1.6728939013115742,-2.0362205028559366,0.047493468251642953,0.4042128652773321,-0.24907184465304072,-80.01058451596111
-0.7837656655863965,0.26348721533105957,0.2942241290134937,-0.6905410523162594,-0.234407800316322,-2.3893248856688274
-1.024186824329205,-0.12174750838328353,1.513449743242131,1.8540925663341883,0.6308116845547775,17.92266453249689
-0.9403989164843533,0.02731337985143867,-0.04737070254443595,-0.5607609069798603,-1.5821767633461272,-109.36121056123122
-0.4070363129267805,0.7307641190665245,0.014273067836434106,0.6863184569567008,-0.9539394193966448,-41.9276955493579
-0.8392096673390064,0.538296079049633,1.0725073373098022,-1.0448091940210336,-0.3649527295428853,-17.46351188032759
1.7654542402810969,-0.3345012358409484,-0.4749453111609562,0.40498171096095553,-0.6533292325737119,3.0801809767643116
1.6871416350725648,-1.4222537095976742,-0.6465728842425266,0.8816397569494505,-1.081548003614395,-32.72009037476591
1.813407698515423,0.49150564724678364,-0.009288561567815747,-0.3428788615575641,0.30698107268623775,68.23692296517977
1.2000789564268612,-2.246889333984605,-0.6067002947652967,-0.49190244750620515,0.21128369227947272,-11.37969117094686
0.0678555105274033,1.0800480657146485,-0.4473218956587512,0.8527736751222195,1.281016361735113,53.16575488730863
0.16048962397348007,0.36414029605466136,0.007178466907941942,2.212531039397242,-2.0864776583710847,-88.08080955292625
0.13069002446438233,2.343654052812625,0.8707466445884032,-0.14152575336694828,0.94881309647162,97.03584627402279
0.058022734808395225,1.2374381346841392,-0.45730165508679,0.8484308822052846,-0.04282338131157488,19.354831988500052
1.044160877069072,2.5269324258736217,-0.5308687729203206,0.6818914896263114,-0.48943944251822213,41.9589496944727
-0.025574312191994436,2.7596600389110777,0.39241596717876703,-1.7690759048891183,-0.5089636257074988,24.46444440378148
-0.3084827884558197,-0.7095798547491726,-1.2585049106753345,2.4267164863455224,-0.21701705042437042,-48.29453204130841
0.47347189903522846,0.4430021304473752,0.9515497705740428,-0.26764109089879357,-1.0211624575603002,0.6827465415761527
-1.7787202489042786,1.876795812558066,-0.773789199103573,1.496044311489183,-1.244654703311417,-98.22265327516112
1.1539007342557472,1.2002617497388293,-0.463161362085399,-1.8697416996954206,-0.41142660711600243,34.46137098421071
0.2965769385303051,-0.4949654803680731,-0.49757249830921385,1.2676515111879738,1.149672018878747,48.18905565886182
1.0487071264165635,0.2514736089405121,-0.1942691319785193,1.6554071130882952,-0.7557915001583629,5.267780603772371
0.2544208433012131,0.08658978747289992,-0.15567723539207948,0.3376026620752022,1.1677820616598074,58.24280059919594
-0.7597031174802871,1.0018248536819372,-0.49757083838520716,-1.7710685530880912,-0.782003492511037,-55.559530610966256
1.5774532797634744,-0.30777823495300083,0.21915032766393897,-0.0952955323869521,0.24938368371075526,51.94379658723201
-0.45209033283308037,-1.2504077339697175,0.6045153263553668,-0.4700421477595015,0.8823330623234091,4.655405980827027
-1.2457173764463845,-0.2950899142379063,0.975816719344709,0.054934110999848726,0.9184544439424138,27.50677874931875
-0.13263374638257355,-0.24125765461854246,0.6725737012027313,-0.9745293046706415,1.8998819348952156,109.19710792308734
0.28872366282502326,0.26402008133367,1.2723535001067678,-1.6548874362282961,0.7324921027798023,68.738552486037
0.28099186773503265,-1.9520877995225019,-0.15178509503558332,-0.6226995198205938,0.5883172064845765,9.89365536114005
0.8764556455029355,-0.8617030702562581,0.03003147916408217,-1.5614932224418594,-2.1523835446091804,-88.54614865536693
-0.1449045790814313,0.5720062783004729,-0.7047284356108838,-0.44594371386116016,-1.5375847964491753,-91.24693623604865
-1.6135613978767411,-0.172946059923423,1.7117084801423434,1.4711703274936085,-1.3719011429313563,-87.5552113338617
0.6454841811410754,0.04643654815614881,-1.3598561409799192,2.16325472330546,0.7462535660272207,8.26207445759847
0.3696421921980939,0.6969544045107356,-0.33381948975600995,-0.10730214400422888,1.1731246375866413,78.43729531529384
-1.1793691216326172,-0.33638694541113623,0.9603047962814704,0.1722543864110375,0.46248362406685406,1.07069659691737
-1.3993061748019415,-0.8184286659420014,1.532367724678116,0.3676492929914216,0.49986412374037137,18.6647892549771
-0.1421465369405461,-1.2578681559088878,0.7313802525749924,0.33868731792169,0.5904220612514635,29.98187119823266
2.01527511046064,0.3631156277445234,0.3111099911431952,1.2906444609225471,-1.889649292096153,-19.928933406045907
0.8377642215465891,-1.5449373466767586,-0.5393050144632704,-0.6792306531929551,0.386382653848061,-4.117170563697368
-0.3164084496948019,1.091310120594269,0.609138120907177,1.2130976999791834,-1.092312764672579,-45.72288707561818
0.38632331781156,-0.29660745906979835,0.241321934916781,-0.20447122098612153,-1.151014083619507,-35.98867019788024
-0.9266983088473107,0.5950294658355647,-0.5574230531083212,-0.03143917037477642,-0.41299782214343406,-52.378751588878856
-0.87847380134206,0.1680153405325285,0.9452115346114836,0.7424589135926203,0.5008315910042116,23.76182309622966
-2.081929407883722,0.6060099513456396,-1.280429352496283,1.6964563682900382,1.7547941819843647,8.354357522971696
0.5740712208940013,0.9137716213855857,-1.5457297866907331,1.3995946451457935,1.5898389781806839,100.66867311977235
-0.7157599891107518,-0.9161919154812425,-0.8318222082304447,0.6820520657126199,-0.06717829004935526,-50.49002165216832
0.22749587573205374,-0.47417817510396487,-0.7717719573928751,0.635967750711738,1.6095206657759729,74.26184947884055
0.5906548306923093,1.8467073257360336,0.5839281853259639,1.1087035805829077,-0.35929209078705954,38.052226596089696
-0.1681438185847896,-0.5426737997340217,-0.7877837519082389,-0.47209057769712737,-0.620847598251116,-72.63462194140163
0.09806753953894455,1.8486088332964115,-0.1755639454992155,1.2958717818630143,0.6686548047579066,33.98760813046093
-0.8682609615983323,-0.28509425704201397,0.1386451837100845,0.09781329309330739,-1.0861262991814098,-68.96275355211128
0.49774308909139425,-0.3206676255571917,1.7952113559123222,0.6659242520544614,0.23007075919140207,56.486895928791135
0.1847104747810833,0.18947982122108065,1.0074439731951985,0.937915537510655,-1.2549226680022925,-29.375446638330377
-0.5260348426675804,0.6988284202025348,0.4209729443893898,-2.1533429198712444,0.49201884799279927,23.627493815726954
-1.4247481862134568,1.465648768921554,-0.22577630048653566,-0.5443827245251827,0.06752820468792384,-24.649600938121477
1.2395840064415615,-1.2935076252040958,-0.695694877197064,-0.39622967810175985,-0.9181269834165748,-24.56607539640108
0.597400069849858,0.9640871682883573,1.1894704889246406,0.7011727423108983,-1.2276078151369925,4.41820126539522
-0.2628908292082677,2.412615421612916,0.7846042878980238,0.02246589281204638,-0.01926037973439464,39.365990787420614
-0.21220896990115168,1.5163940552535728,0.6021183203924835,-0.9519184600222356,0.07203686128374476,32.05257246551308
-0.82688035403986,-0.10015407647995278,-0.20367375017696587,-0.22647889190152676,-0.877982586756561,-76.24196929920343
1.42274813609994,-0.5827586576115821,-2.438817158276429,0.9262154022415924,-0.13427916218630415,-41.341366893989
-0.016610342325908987,-0.30964971398806124,1.146027575013415,-0.10581875749769788,-2.837506441397379,-112.97873335202547
0.4182057558879721,-0.6073544332122114,-0.07722104522304557,-1.7760117540484022,0.4258436586298291,7.225537067506512
-0.21910052880886424,0.0184183791895517,1.6764373122752827,0.8294055811834892,0.32692737376416264,25.116488994000598
-1.551512249058929,0.2887280030098363,-1.1571166187132709,0.6620518347584732,-1.3331283547778066,-112.88842014605186
0.5436001545944323,-0.6716233679380516,-0.025554070991445278,-0.37061433208610595,1.1727290192593647,62.849587171138914
0.39379729821625153,0.8141517621182666,0.48206672733538614,-1.92767257934561,0.3687331473175197,58.030927031216144
-0.5923559556520536,-2.100026507651624,0.6255080168310357,0.12354769595558233,0.885231482988991,5.065957433355532
0.0953441994413082,-1.962625691672579,0.3496500472996937,-0.2634482160822491,-1.5648027713620551,-86.2157101535665
-0.8275902206487197,0.6931056072631441,0.1764415552772252,0.08614388304637476,-0.3670278390833223,-37.57377215374569
0.6197387847028687,0.868772500590771,-1.1863364271098544,-1.911316891662504,0.587855888137735,46.665524260496994
0.36163602504763415,1.356240028570823,-0.07201012158033385,-0.6451197546051243,1.0035328978920242,98.45786817194809
-0.9784995458666064,0.2790838583451852,0.29156367668197275,2.7552177437199017,-1.690671627606452,-103.7962102867131
1.2753907379990148,-0.8505352787470439,2.4851899166788916,-0.15171443357722914,0.2647753109779796,71.67788564462687
1.1218578562304709,0.41644603810145264,-0.05390484900573916,2.3200407220172594,-0.9823035803773146,0.008808408348613739
-0.7677975651041284,-1.344450511034277,-0.9186519464841982,-0.03468488738678118,-1.0041407667520679,-105.21050528457415
0.24608361531640882,2.154928677383142,-0.3152966552861244,-0.8022800271395435,-0.941022700666379,-1.6265115106700954
0.1986800095474069,0.02263085267686914,-1.4055630538562867,-0.07906734186455629,-0.9849931258170151,-89.04993507119777
0.1263141994832002,-0.19819567637971988,0.5101574689151834,-0.46913085421040895,1.2725701629285695,53.155925523879866
0.8970661968871322,-0.18452535765584954,-0.6047446645382127,1.2748750412787222,-2.205566057099069,-96.63884515077173
-0.06418416128881928,-0.3021805869826214,-2.6031370878272986,-1.0105982199289134,-0.3613105619672905,-73.26482229549943
-0.2453881160028705,0.4127809269364983,0.82206015999449,-0.7537361643574896,1.8967929826539474,96.05370401546509
2.0750650393485417,-0.4877053729487446,1.0743330047702437,1.1801281737415277,0.4964001177339411,111.18849472903827
0.6897078052451944,1.7495839042054206,1.3814540786904865,-0.5029747705513431,-1.2922626951056186,12.094245673067777
-1.4018510627922809,0.7910319470430469,-0.9093874547947389,0.5868570938002703,1.4027943109360992,33.41264920950297
1.0324652605511468,-1.2608839543350452,0.9178619470547761,-1.5193699659540134,2.1221561970126332,111.38261919782073
-1.479444223139724,1.0683793336940164,0.604120889588518,1.259233239786799,2.303638752104789,85.55566083366051
0.1920491164900316,0.14171691363990474,2.319329539981694,-0.3091164642025014,0.39331783939437187,90.28083638562735
-0.8082657216409264,1.7388996637975789,0.9788580507817954,-0.8304444065565653,0.08531814256502405,39.540093828338314
-0.06259312789952241,0.7589285897867651,0.2811914239693758,-0.7539645888666763,0.10420110395187607,22.916657255362537
0.6592456684324051,0.21329370737293857,0.0012054753622242368,0.9375701376265584,-0.8170886310681906,-15.097383740054644
-0.16306696394376388,1.0701502383164274,-0.026521259249060063,-0.7449026448064491,-0.8818746512277178,-26.886270610191186
-1.1065259087416703,1.8489560949453452,1.1265650295477574,2.5733598032498604,-0.26888869055483056,-7.384280528899023
0.7600559636896026,-1.4063174636718339,-0.08310557262869477,0.08243975293450329,-1.5047203740310022,-73.26590708987425
0.4824724152431853,0.6256673477650062,-0.8571575564162826,-0.2234627853258509,-1.0708924980611123,-36.288535644707004
1.8876876573401904,-1.907807557877391,-0.8603850107795019,0.5565531245337582,-0.41360553342164424,-9.26501687246424
-1.2094769354188053,-1.1617838439123638,-0.28313889674376713,0.38897872935218375,-0.30085974714082625,-70.13099836552209
0.591814133741378,0.4384757388097273,0.019616657693989903,-0.3540407109410238,0.6728612359668199,48.83083971082304
0.23225369716100355,0.25049285034587654,0.3464482094969757,0.29307247329868125,-0.6800247215784908,-6.7288073437655225
0.5697672802322039,1.1172958315881276,0.34272534637770413,0.44770856001731496,0.4567532191537839,58.374469246471996
1.2292147842970504,-1.1195461283831687,-0.39352985596972884,0.6030946849488336,0.1786947168104756,20.496841102842485
1.0760071385985983,-0.7519693317388191,-0.31905393566661816,0.02131164867194222,-0.796025856803489,-33.85631342001252
0.8232799156777053,0.32208231076698546,-0.01109200394860206,0.2257615231117544,-0.8130143722601298,-2.9755769477365135
2.0236062192296393,2.0895387216947734,-1.6076610271180587,0.006799844559997769,0.18474057889572446,70.46123498534365
0.06980208499001891,0.46210347426327075,0.19905969557347003,-0.3853135968617602,-0.6002168771587947,-18.338223376568667
0.21930233720043607,-1.0701915628943317,1.719040612841821,0.7918593103880676,-0.8963326585920618,-12.392428178665892
-1.4026052717996935,0.04059169120388238,-0.7019916878067554,1.7495767431869393,-0.6629009175509482,-83.47782324671961
0.784002779310748,0.2094700836477726,-0.9845340504819681,-0.18826133508630655,-0.0059547092127293835,19.517247453561183
-0.23093453020867796,-0.2727235697476705,-2.6968866429415717,0.6962063648134184,-0.05429486651781221,-60.38822125871309
0.5705986685931593,-1.6694052811213718,0.543360192379935,-0.7632591565425169,-0.6626237589458467,-42.69488432827902
-0.3856726309778482,1.040061819902576,-0.7397711639729673,0.43450264609130573,-1.3346106069102326,-63.89341602408269
0.02538842054241018,0.8595878869798019,-0.3871306497895146,-1.9196731561976563,-0.04541121793223822,11.075198932240445
-0.4511588584089988,1.0383788510193166,-1.5193460754768424,0.5517407999109204,-2.832155598110569,-158.5707526962893
-0.6469367777055739,1.3993554365860021,0.9246336829127688,0.6982233136135899,0.05963036992017413,49.148165201326464
-0.6813802350695739,-1.014479726707414,-1.340072071123935,0.9678260240252041,0.43221669075925395,-37.250579442622524
0.6241198170521551,-1.2141886127877322,1.1581108735000678,0.6283455092642799,0.7916626939629359,58.801449447136484
0.29219272832637316,-0.9096834169818336,-0.936506374789596,-0.1873290184063747,-0.6677795564688862,-55.33541761975411
-0.1416485860101269,-0.8063769291180498,0.07569494000509344,1.1663705456692521,0.6855897462984164,22.26091878602403
0.10248464215820753,-1.132784951267745,0.35037021638633825,-0.48282759080691834,-0.844324037183071,-51.87572796577368
0.3896045240919878,-1.37383482489866,1.3784696274615047,-2.220421008935126,0.1158245872269461,7.855966000774734
0.19473619471877485,0.5935567222808619,-2.9403886346642802,-0.018708756445897416,0.655900776529761,-28.996970496801943
-0.5397596803093615,-0.18398333635267913,0.01843393306539316,-0.7783047254023127,0.34758170536167105,1.071909425476778
0.1946074552372427,0.043602446372453724,1.695051040430753,-0.7424705856980482,-0.622649361734452,-8.25694722001818
-1.6127158711896517,2.3146585666735087,-1.867265192591748,-0.47193186578943347,0.6862601903745135,0.14181990260934185
-0.56060763684731,-0.4776455826040052,-1.2551353719733949,-2.929448690002268,-0.12765468151819012,-36.69511355407143
0.6549755842216898,0.5136144642310962,0.03471374875256186,0.8107986455917099,-1.9685042134380537,-65.82900786793633
-2.0755880090785332,0.47154238041820573,-1.8311448783383502,-0.08606969279089306,-1.2284438312657626,-134.33052755040393
0.31852100479887446,0.7499002394237105,0.27926783821652595,-0.9916966634403105,-0.950910729687232,-24.91822817636467
1.2382830714336357,-0.651356893791829,-0.5286166817497568,0.02127157673606165,0.5863640187550933,32.2834601042403
0.07268052432934134,0.7396531517246714,-1.9093560875072928,-0.4114931445621802,1.3183023248526693,42.66299583227918
-1.2899608997410539,-1.6548566718657693,0.8231705839619146,-1.295078772063616,0.07331796718840389,-37.318612921674195
-0.966156723370417,1.3931812579349059,0.8393491142316022,-0.07938842440570287,0.8728243510056346,49.58427690270678
-0.9080240755212109,-0.5622875292409727,-1.0128311203344238,-1.4123037013352915,0.3142473325952739,-35.336310369321865
-0.413465161123276,1.4484992298929262,-0.35976864578908574,0.26028050658288615,-1.3260476860820383,-44.40367325732301
1.4532754760425446,-1.1794596645077804,1.4350873992222355,-0.07823065905851781,-0.34730228895784293,28.316147550279652
0.1353383478922909,-1.7422216926352752,-0.5460417988167212,0.9944473755089074,-1.0921212003485672,-94.29674261604659
0.3230792731160291,-0.9533286082587124,0.12267031599479553,-0.2523535021262876,1.6246784584695606,70.29966059682319
0.9695690257529068,0.240205843946223,1.2531328247682434,0.32685540061043733,0.7899197221808523,100.62714129624172
0.9504238381860503,0.15039378647620763,0.34175597577715944,-0.5769036556624031,1.8761708392158862,124.02674730308928
0.9331280723410693,-0.3150867311941086,-0.5717460419560614,-0.22272070077660705,0.33260751032419755,11.220116673987699
-0.6269670577877674,-0.7031764251258874,-0.0349884904969617,1.8124485579969287,1.77080063563551,80.32131922757958
-0.668144085538994,0.11327041053776446,-1.4382779783173667,1.8732977762175456,0.9192289345752035,2.5659872586238865
0.1579743122514517,-0.5182526388612024,1.3252760904370375,-1.2719190011127228,0.827115428565768,51.11025761975508
0.9191541736100015,-0.646227309843803,1.775310892609512,1.0005823180429783,-1.19363683175648,-1.5150376143558688
1.053802052034903,0.3577873603482833,0.5607845263682344,-1.377669367957091,1.083051243175277,105.0168464381964
0.8614365256328049,-0.9626510119189763,0.6927690318488605,0.2513166482381024,1.1058330662947127,94.8860369360412
-0.06413834659299254,-1.146345393018688,0.30263546523903323,0.3287624103034804,-0.7542758500193579,-40.544861404048035
0.3090474430326539,-0.3187483152461331,-1.029811848541845,-0.6556877194614437,-0.12334406404611045,-10.230941749148005
-1.308820399119112,0.05993263026632825,0.2773769379581917,-3.0195121558208253,1.360658595838651,29.44210291153295
0.2314459225255723,1.9412174364637491,-0.8783230771797389,0.6464895377257707,-0.3780078990182172,4.742903359307849
0.6934789119139937,1.0971527117536957,-0.47883745600840416,-0.3920126399191296,-0.8627757640431206,-15.534868054550035
0.20965941527462578,0.18384954475369486,1.8005111815108537,-0.49163618563204736,1.2389463529394373,111.55837755666573
-0.42930222451725997,-1.3200225112207058,-0.6117690909052854,-0.692420979873856,-0.03703679704841202,-50.572069198889224
-0.47383934707091613,0.2801611588196068,-0.8096035199216461,-0.014452270878279104,0.4240610444640897,-10.88962732532892
1.0269862633197322,2.1650560678066024,1.190548594343596,1.105900424357309,0.2125740306322149,88.71906605485619
-0.0350076100062359,-0.49693202511797824,-0.18256897437954112,-0.8110008636288448,-0.9899577925520139,-48.21017660646987
-1.7863754653546866,0.9955815140020298,1.7031726099180378,-0.6220348055543814,-1.6380290574360168,-77.68678621710377
-0.9933586995819507,-0.3256110521485036,-0.1643352058853912,-1.0158788269899783,0.21209335307417523,-41.31389514511325
2.270692857804396,0.3384964074944141,-0.4152879139008013,0.18186625505849516,0.6327818661062848,78.15939493295924
1.1535903433169254,-1.2845842656999693,0.9778155496862003,1.3863493972628433,-2.1056469418403245,-60.8961332751896
-1.8206033005485172,-0.25885440036983165,0.35250496835687956,0.2700573583914221,-0.5703513664136806,-78.82328934666918
-0.10960980392583083,0.5462842480036996,0.0064222698109378164,-0.08836295920533532,-0.4363858905265686,-23.017953252978756
1.4288577078135674,-0.18150316213566714,-2.1770650464428547,-1.4741321320421057,0.17847666388538974,-8.835323818647899
-0.35316629281068834,0.5796331732135757,0.32579631658216646,0.33848384346169114,0.19438430157733602,7.067227666259527
1.9114190871397234,-0.41790954576589057,-2.025807873111377,-1.2804555710024668,-1.0708524186844388,-41.88441651394774
0.8113965544915921,1.340461051790348,-1.2995812369275976,-1.1482632887526183,0.8297324178791745,66.77483567244724
0.23286808742689824,3.0768603701805035,1.360115900180313,-0.6080061429373236,-1.2445425000847228,29.32490689182106
-1.3971181851129912,-0.09363618873917084,1.32579664754219,-0.5835993263460049,-1.28716356858425,-88.40120817369748
-0.7079109406740753,0.5070202721353568,-0.05739536507403601,-0.262746747686504,-1.395448504755072,-63.43548398952207
-0.6537663386488198,-1.7730324682068814,1.2619215007139917,-0.5956612940434921,-0.9057323008626189,-80.41538957200775
1.0062928092144405,0.047398671316414016,-0.8604133652839524,-0.5768918695231487,-0.38455554422982535,20.940190749713146
0.1994239859867671,0.6813623265753054,-1.1536922813398585,0.4730382821602152,0.7547332980678092,23.675559710666427
1.5541604207147741,-0.5309708978119645,-0.33513778117145177,0.8539759765522237,0.34233783448962146,49.032320541473695
-1.0921636327180897,0.4751677464953816,-0.002403840918853844,0.8347513263248821,-0.5892716517893062,-37.12764785736404
0.840620026504553,-0.022868062298882122,-0.9993022322949108,0.5467335682013793,-0.5047749212282174,-26.57055816382241
-0.6500025808234597,-0.13125696709230472,0.07685188295876821,0.16865467196672768,-0.22485598180807856,-34.6050529172488
0.0976703767483354,-0.9938626748348534,0.4201915428949916,-1.2644984069549656,-0.856498237409199,-39.1389717008976
-0.39767969361460404,-1.7931064525345768,-0.3828171896129687,-1.1840305582225594,-0.12372894627483615,-55.32183449458285
0.9003985883950636,-0.6769951384585313,-0.772659445270824,0.4512253193185082,0.8301918118626102,20.530048311951766
-1.2932729578711637,1.804348109786743,-0.19090379172729868,-0.9564363768180087,0.7197579421481819,30.422791495998208
0.026091050210833786,-1.8408742313316453,-1.2795769667357015,0.517659020469123,-0.6248185776956788,-78.13205175889081
-1.5031429531181062,-0.3357846992901282,1.669021525289393,-0.24574306408594432,-0.2595913513636048,-25.013913449302912
0.5044832563830169,-1.5708814571259122,1.355572935710348,-1.5630343065712535,-0.6108576398050658,-11.95020115041779
0.3485951198609804,0.48730523704499484,1.0719298652117972,-0.12517442838316423,-0.8792827824119881,-16.759893921841478
-2.4980610174929394,-0.6683451948468017,-0.0610756713523761,0.200459631413729,-1.0584406336416528,-140.05595377800424
0.44381942814622843,-0.48423407286625136,1.2669111491866227,0.7746340534293368,-0.7076694656187807,-15.196382569704305
-0.6315777291653314,0.6295295842218108,-0.8043157596599924,0.2531652380379812,0.8953554307625996,19.239319274721723
-0.6994952201676432,-0.23130094292969944,-0.5764195763348439,-1.0370660735699961,1.471034690817104,19.698897196428717
0.4147728907887909,0.518871180440122,0.49580502102757085,1.6043391083085963,0.00161903135694112,22.929339656226244
-0.803948414727481,0.7564883543160984,-1.9140600705874673,0.30734561670797006,0.6594512411136115,-7.750211427677728
0.6234071382799156,-0.24861585376667736,0.6266136372630708,0.7034401331388942,0.04556388114189831,44.39943525828291
0.7211353625455816,-0.21566763754763232,-0.8729610904537004,-0.9162741005637249,0.8814075289235711,54.827961768527885
-1.222895019555564,2.1247714030169615,1.3313390619884031,0.07125374991089249,1.9203675021442612,110.15909335216762
-0.5663945912147232,-0.22153659758373817,-1.176962112769968,0.8316167861804036,1.8205439079418155,30.587833972084223
-0.09884520123930605,0.4914294527201998,0.5697603571986469,0.4359753895000459,0.19548173155329082,19.623750182711408
0.6713400764504657,-1.8751724696457446,0.11502607914741717,0.21319662823768915,-0.1601327955666404,-16.90208008188292
1.3454200461549777,-0.7904744554453119,0.4714683571359957,1.593186626639397,1.8820244964750337,122.37595566495648
0.5470973811700379,0.117327383308782,1.277664895788425,-0.20219265243389406,-0.5915713888358299,12.60028694684991
1.0560568090660518,1.3744380931708173,-2.1356742139786955,0.22323891412915967,3.1377485336599937,165.38342406465335
0.36728731340134063,1.0859821161750323,-0.535963445114048,1.8381836767951225,0.8080577982811451,56.17358195305567
-1.0952705188428047,0.7826298263165181,-0.024232833869692147,-3.1767038131960006,1.2024512479830722,57.287620889633644
-1.1996975283653082,0.5827375831738644,0.4968735905075971,-2.3161438629688766,1.0697714549838502,24.417881756528935
0.6153674840130534,0.5131057981760827,-0.2595466775839172,-0.9354387020445953,0.738810480887503,35.368364118075476
-0.18689615816198485,-1.1476913898156673,0.08520944963390106,-1.6304732437151401,-2.9911359709007233,-157.0191437512867
2.5115565515844236,-0.531454551359215,-1.5678594253654559,-1.8400777445057528,0.3467099776049199,53.099849470721246
0.6955377575657775,0.6687416555925126,-1.0917008761393143,0.849102110743144,-0.387099702474401,-6.159299877907793
-0.4694743859349521,-0.23413695694918055,1.5792128155073915,0.5425600435859647,0.7674347291529088,35.22992266774783
0.9725544496267299,0.7077519354554754,-0.5624667758942676,0.6218099622171964,0.632407739055521,56.36038963860224
0.9638791167949097,-0.12982069973342616,0.0438114719791096,2.2105230015913513,-0.14700200162848862,23.708324780936284
0.055724912288694604,-0.5112156764311852,-0.9896048202585809,1.0941915184709485,-0.12578692009964815,-30.61814418602608
-1.245738778711988,-0.4465149520670211,0.8563987943234723,0.173180925851182,0.21409374413020396,-18.749317119078935
0.5027844268951942,-1.342127748485115,-1.365824155415439,1.7963608229269636,-0.14896930976729691,-40.53067210665024
0.17183933979353122,0.8545252270666157,-1.091933900395313,0.5532512199847837,0.8902475008365087,64.5798266939924
0.6663125009092119,-1.0858251288851855,0.6793732829565033,0.4625912928539512,-1.148794035158656,-41.24965724393623
1.191707497107065,0.07287409801551539,0.0731969910016945,-0.08371795984921201,-0.15024298879825998,30.799920373177624
1.52100622715938,1.205994516546816,0.7774073527645112,-0.9489165208248372,0.46667098196608103,111.34767670746956
-0.3405987069098615,0.6958638390937854,1.1734422766324448,0.5001430331138838,-0.2725447213618092,18.842529828680583
2.601683114180395,0.3088330125989638,1.702214944635238,0.5655096456315442,0.24075317948856828,136.32686186768922
-1.5811907020321334,-1.5841359430054898,0.2671266510114834,0.8950383140761154,0.5087250232299338,-58.38048928487079
1.6654744444625766,0.472597482413043,0.25602973431387566,1.0143700650181304,0.9826909839455139,97.24441526828475
0.8128621188389601,-0.6929095952606542,0.8995998754332507,0.6296288419236122,0.30729952087660933,29.44687452842261
0.28869362927985703,-0.6706202090766449,1.3924653000643288,0.2603218387712207,-0.2500465145989528,19.30699364841721
-1.4789115687741288,-2.59104229214491,-0.5462444482524828,0.18335991977915564,0.3918040054025465,-70.4196745671026
-0.718444221252436,0.2320499373576363,-1.4480843414973241,-0.21344715171184725,-1.4074637743765552,-124.5651418124897
-1.2110161997624567,0.6385924587773739,-1.6615200622689599,-0.6518361078021592,-0.06607979864731657,-63.33438887547199
-0.2590421458207031,0.43004164719106963,1.0302834540318422,-0.19634984908497827,0.23878915902651351,30.52349179620656
1.1260502507721681,-0.36961033604363397,0.37710039390218647,-0.05139372358848624,-0.029262813684978354,33.326045530675486
-0.2188662517356257,-0.6375875420759639,0.21668311896428621,0.7662429750405095,-0.3033500674771342,-27.719407655358935
-0.0332299906444608,0.36150352520610163,-1.1437262073206618,-0.2081168572725397,0.10855970577652314,-22.847223836314786
0.651391251305798,0.570890510693167,1.135565640180599,-0.3152692446403456,0.9540017634932023,73.0279821774637
-0.4622752887050425,0.9382838059759977,-0.5160447282173739,-0.4344962274323156,0.09612077694098337,5.124277882115771
-0.6500239344068982,-1.8461878622380938,-0.92951086019241,-0.08343796979036086,-1.496529255090079,-135.44234518270292
-0.17435425790283585,0.5646059258936003,-1.0196643386921156,0.22530792204094158,-0.02355215087423812,-20.054968440361183
1.0800560591393102,-1.357517539841935,-0.9006713825124801,0.9427885141400756,-0.9642000714232447,-68.45209588954049
-0.637739984251316,0.4924512640081491,0.2891686439078181,-0.5309969550018176,2.4553001399108942,98.68686363152308
0.8913036868697555,-0.3882430535215389,-0.05592044852221312,0.004229858994151577,0.3379575282321183,32.29635615528017
0.5581395145185063,0.41486550036191044,0.4632885301181062,-2.529560077694303,0.04351466864346608,32.035906808282604
0.9753124584779789,-0.752435237353035,-1.466785190615677,0.5156280884439565,-0.5014021468856367,-33.38096077827553
0.37114587337130883,-0.7968952554704768,0.57707212718054,-0.6039851867158206,-0.2030453860429927,-15.2178732998306
0.010233061019587049,1.4412732890661155,-1.4358621511794394,-0.9815086510479509,1.1631637521549596,49.471677082196706
0.3113086734428849,0.2965755451407618,0.4631847952675847,1.6999573745763805,0.19729226563120644,44.70921261478551
-0.4166253056154625,0.35947579754712555,2.3490757867007575,-0.06312301311124825,-0.7160434362758403,-6.216906837298897
1.0251091525817735,0.9411818664199697,0.19189773587303607,-0.6538983883255765,1.9483426447898131,142.19194136504578
1.5655240292343404,-1.5231869047837747,-0.5589218472715883,-0.0657502610729878,0.37721187506452086,43.26666364264496
0.6354180302092264,-0.19382613877280352,-0.26451484131061076,-1.2392583948534726,-2.0038623644067535,-70.91188604351672
-0.8798143535020543,1.230874513154735,1.6850142787085094,1.9870611116994412,0.5628808601743548,43.72973523172797
-1.2021495260760888,-0.8567720938267928,-0.5555467794868666,-0.39568071175626385,0.20438903160297678,-75.49996869135916
-0.6176416769336966,-0.40968659262949736,0.7123221595801621,-1.5350402475323597,2.2816518365388427,65.74338246844715
1.1254347844147694,0.3764095260975166,-0.9020515543575104,-1.1894118928673278,-0.8696630812746944,-20.423973082455156
-0.24066517453021302,0.5861658003927833,-0.4124138182164804,0.007880184694728152,0.25719897035592737,-2.8252674326918807
0.41960997202411815,-1.8179792253871547,0.7597122954841684,-0.8638829605897661,-0.09445871444200275,-17.894402308701878
-0.6891878180895679,1.3173940656343257,0.19759960469239965,1.7359638031652493,2.0752608726252655,113.39462470531433
0.41055008532761655,0.5843141664353099,-0.10047572057170515,-0.2310694774576803,-0.057390703001542406,21.091642492016256
-0.8568518651277993,-0.626315276183007,0.49406391897551966,-1.1260539609110503,-2.854626662904391,-162.65085422327869
0.1825010305992134,-0.3998990621311371,0.269294752580734,-0.6701152004542329,-0.04489303012253698,3.5941918011578133
-0.5849076534177698,0.2783486346446696,-0.5092133625991345,-0.47875857152168855,-0.8463597198869729,-57.14299429537972
-0.9697437196346744,0.24365722370271442,-1.0902084067994298,0.11053531747394013,-0.9855396007209299,-82.56448889399455
-1.1071568168024517,-0.524662407066803,0.4936548476431509,-0.36550593698526584,1.2960630617813962,31.645111516120977
-1.9080021371233076,0.6928575842374367,0.5825713188088052,-0.39305275706140097,-0.7999405067019342,-64.18179645246674
-3.007632339693757,-0.4958781720101493,1.0973001875437087,0.5711794062192087,-1.5656480316055963,-166.97418514424336
1.5007597906343109,-0.4937565831613125,-1.556581898659751,0.8502217421134929,-0.4281151609659125,-26.621260164185426
-0.7355299425897666,-1.4137144969049802,-0.11122606134870032,1.2360931752104374,-0.9039076414647897,-95.98425968203671
2.0565435648295414,0.4826878872092127,0.4200944904518413,-1.1308884353259157,0.606850593215671,101.51510055267883
-1.7025836042378404,0.19584525509768155,-0.978372777615032,1.0291556373256436,0.40825275571447184,-22.462449011533263
-0.9594392367234797,1.221033695525353,0.5820977034686158,-0.372206776071053,-0.22648409884983192,-13.89260732359164
-0.3286184757489846,1.6426729532559634,-0.9006207346478687,0.6031874310823431,0.638391925608383,37.0925801950832
1.4521176991825604,-0.5706404302001128,0.8524686434329506,0.014149264965758293,-1.2291835978004162,-27.202110063985458
1.41418728833109,1.6637328321434735,0.30524312653135294,0.4473939370689756,0.5873916998060122,105.68429464125778
0.645215585950057,-0.05489400061628639,0.28555407485765694,0.5556044660034485,0.5211224283793383,49.376388745127365
-0.37231905293792283,-1.8800100339077637,0.7127120288613313,0.4373131870389607,-1.8831502080585838,-101.91763993383209
0.2871241652018242,0.7082144232565571,0.23321613126350166,-0.6124373746404379,0.9531366339132451,56.053827922294374
0.6647027453331099,0.017613251933657315,-0.97536602727825,-0.552920837367302,1.3035079319347591,57.539713972813665
-1.0916251721591026,1.0753434019568977,0.2106684652031108,0.23384802578959837,0.20953423026279433,-13.320914916589846
0.6504500925361392,0.5225141052657575,0.4183982208886837,-1.503080301759818,1.4015985929464294,92.4509031893382
0.5629692366905709,0.9261775475316414,1.9094166404701305,-0.6506425691218269,-1.3985675738191412,7.533473968780894
-0.7557451594928447,-0.6680904536430488,0.9920423495365228,0.5365098435704035,-0.17495975669540864,-10.182606707558993
-0.8612842013282637,-0.007972641316617372,1.4799441388900259,1.5231240772696573,0.0773683076476183,9.36602336171547
-1.2968319479558466,0.6628812686674127,1.173473857485325,0.3996879517526416,0.18102155870370695,-10.306958387830417
2.463242112485286,-1.9187712152990415,-0.026513875449216878,-0.19236096478112252,0.06023020994102644,30.188536323792718
1.1168337755299542,-0.6113852473886282,-0.09294420661358828,0.18641616974404632,-0.23950192202174977,7.825546312398205
-1.570500603623177,0.17989415115347845,1.3920022863445993,-0.9896281365703375,0.918316606002313,25.793184364505056
0.7090037575885123,0.6427227598675439,1.3291525301324314,-0.08973569428722672,0.19652116970147013,75.70389718934423
-0.7281719009698155,0.5872624134641767,-0.20562785364324765,1.7481370691208353,0.0828325705180999,-21.038650970186737
-0.19692180799688955,-1.5978721344948377,-0.6300249795338944,-0.46458107811561833,0.7319555025098458,-16.762025328826578
0.9826831427699412,0.5433908278718096,0.003147726906326633,-1.4000707231830092,1.229990368438683,97.06489529032525
-0.9186865114860944,0.47363207681145447,-0.9263811299815384,-0.4173668136050844,0.5555126463422483,-8.97833907797444
0.2215584736242106,-1.0986204251778122,1.4205042872710631,1.2347519140447951,-0.11348064588214118,-1.5361428625158986
0.1846338585323042,0.22745993460412942,1.307142754282428,0.25988279424842353,-1.6074832345612275,-32.80911679152479
0.8384907744516419,0.3885786045309641,2.4929995174327906,0.08182935854756501,-0.006070911539893324,80.33685795515886
0.4441983272906719,1.063940987560856,0.2525688459966235,1.1013229577357622,1.3845320475939062,97.51752795283139
0.08228398927542419,-1.485560373036972,0.26705026586925884,1.0654803750653512,0.889630795623437,21.915511176437285
0.6135179727304166,0.4363236696740321,0.03800347816820029,-1.0227925651984056,0.1200313267182613,31.779465121468505
-0.10322175293249623,0.8508979621679722,-0.13737178839939665,0.26536234939962844,0.3904648499288896,22.91568467921517
0.6577631761503737,0.3794053976051097,0.690472686121513,-0.06953228624226938,0.26561699317253346,46.68554549832204
0.39069592092814415,0.271495310825648,0.5514762752395233,-1.326472128311083,0.3405892164004968,46.20161241728166
-1.3495762115515322,-0.7908993816675531,-0.7798529462216388,-0.41521376790527154,1.0819848092499422,-29.053291033067087
0.09933230542922587,0.755391225825756,0.5009171876243808,0.751387123371789,-0.977555244798551,-19.5100825230849
0.6276062975618311,-0.24775241823970925,1.3204140097838342,-0.2795074632965335,-0.8744356483399182,10.830496709403247
1.592669998282884,-3.1704257358780557,0.21060083929764178,0.01934407081175429,-0.4884760801103597,-41.195430636090705
0.8303358165442456,0.24822058630033608,-0.4593608995402441,-0.8560838259088672,-0.8498443694647918,-24.292957824668534
-1.0577109289559004,-0.6017066122293969,1.8522781845089378,0.822544912103189,-0.013497224737933921,10.139542624729707
-1.1962066240806708,-0.47917423784528995,-0.18565897666381712,0.812525822394198,-1.1063349740060282,-117.85045307969813
-0.8874921778021001,0.648280433843859,-0.12094814860778157,-0.43745830032341043,0.41953244390702776,5.3184773026155945
1.0237095461069814,0.38680852068920263,1.090980425185967,0.24930859564172886,2.012270445700765,145.59112460196164
-2.296180953137238,0.0005279588565972928,0.6012067489291149,-0.5505368494915835,-1.4438548161335418,-120.48827099954383
-0.061764199860128925,-0.28487549336967083,-0.2561797524953801,0.4794415180860639,-0.24149744587077882,-14.801506122040347
0.7318707042882956,0.6791427754381955,-0.3020454994898642,0.3350580290841175,-0.3294477863470914,28.354585542513565
-0.5041798310076715,1.192507512477975,-1.7785875840065168,-0.08152267310164589,0.31965182591897723,-16.20125999784273
1.6994359830087096,1.0363028920724797,-0.5955349351838592,-0.40179502694163366,0.9005330773315916,92.39779649495924
1.3511140899867151,0.2113965674706589,1.0626572907875265,1.292745289518207,-0.3756336657655356,45.523040393722134
-0.5830774385689385,0.30740669780910074,0.8157372125392968,-0.1671217137864115,0.8604734883597454,59.3534591744102
1.1223742187031596,1.0965471182302537,-2.191253851165281,-0.4597646158304763,1.534482101794515,85.03286341030352
0.15946250680412918,-1.388542553831211,-1.60027110450371,-0.8927875154918841,-1.2172826922204794,-104.1995982838829
1.0826910538870733,-1.3354815690998914,0.486036289417637,-0.4711246518178786,-1.5473039889383655,-51.32124536965974
-1.1430049127304835,1.1055259329579838,1.1870303055603801,1.633431532301096,0.6387302220291846,43.85209931425538
-0.05310680169691065,1.144293068559939,-1.387868550455802,-0.5509818035382495,0.7638603516334226,17.54862793372451
-1.5625458568865427,-0.2813275571182134,0.06699071722487192,-0.5290526773462948,0.5159392177040995,-26.628547921127463
0.32445860435251705,0.5583364232117055,1.8566474365619547,-1.803862792562365,-0.4817659710934752,21.80694760928919
-2.0173387981224113,-2.914255989816941,0.5232231857370332,-2.832325924984141,-1.2203206899439758,-161.02526782496992
1.1785126897984228,-2.391956204313024,0.8447743757816999,-1.3734028889697492,-0.005560293648070566,0.07151283543757536
0.7688396759688968,-0.7316317389085281,1.8904406851557827,-0.6082265074447593,0.04930833152022263,78.86233543301918
2.1898029332176723,-0.7673475628880495,0.8723206367206782,-0.8082982853551515,0.18334200573835174,89.57596327308234
-0.5138669173366935,0.6696725488300385,0.36659824609684827,-1.0592135218889516,-0.9398797863273552,-22.74204369613395
-1.0147567306928669,-0.3791277409874871,-0.20358036010236177,-0.6492775450660071,-0.5816809139486437,-70.76179127315164
0.6986888135170435,-1.8418977729578574,0.8920675997317206,0.025210867540082116,-0.5898923177556078,-15.095676148842077
0.6863535550145331,-0.253676077542381,-0.34516470544979644,-0.8388926740257363,0.4892545350763276,22.758543860924377
0.05194588580729943,-0.07160125941406395,-0.03722223650984159,0.7326400772155792,0.7276295436369798,30.84977955391905
-1.0551076754804494,0.6523061516102304,-1.6313351104170732,0.8227827808340025,0.4802605014059249,-15.644316594269098
0.5667717261841796,-2.0993562644190256,0.683223014788808,-0.6573725539947244,-0.11480224875906367,-20.82622081165417
-0.09662367001488972,-1.7518288067517191,-0.3899237065594453,-0.4159669279473586,0.15805348992013185,-42.44171588254997
0.2773584619646759,-1.9689231424160831,0.10343812930810638,-0.022278979183713316,2.042076040143744,60.438587052230204
0.28328787154614216,1.1876793884615637,-0.4646172972983931,-0.25890497370407733,0.2011596558728393,32.81219042939457
-0.6946003691631446,-0.6065033882157397,0.4559041951707027,-1.1543626682329844,-0.45909031021899177,-21.73313082571664
-1.8593367716600575,-0.2563406783724922,-0.5380477584901385,0.045491476330752,0.7978437798957666,-1.730716703262452
-0.2739930818293042,-1.703871586826719,-0.9244659881295544,-0.24338397937501807,1.5628887685081978,17.90828278762316
-0.6078219870944325,1.3171150673398653,-0.11806852699107874,1.2969945465611092,-2.1218548990085946,-100.36633657138552
1.2788658133133932,0.18517553682991406,0.42544486418417227,-0.952316380738797,0.22228985580085406,65.65358428597156
-0.9811655311396816,-1.7258067287905967,-0.6775646523356551,-0.46440426230938764,1.1941094030473725,-15.344308330189007
0.7660802783846903,0.46877425607502377,-0.9983854391882915,1.2269332238843076,0.30179189981946597,26.64370287746713
-0.4500128579958137,0.7505791675217656,-0.41619440488525394,1.2571492168625729,-1.1300693390403578,-67.46376970568845
0.9163276747024814,-0.08071658010858232,0.07863519031609059,0.3464884758979927,-1.9982006845321076,-74.9792350541844
-1.5327005598899308,1.1918993344135729,0.9500158286696456,-0.1962806513879368,0.24300472205439969,12.393341077010096
-1.1939250063990554,0.4477169258102776,-1.5708761520684993,0.14294309476370676,-1.1267674689098053,-108.16341708132676
0.49097495163825133,0.28257995048829965,-0.24869112618354708,0.7348777860498175,1.6073455760199926,92.70539118560269
1.1618783026081905,-0.1044492185374715,-0.16882172319001063,-0.9273531341905741,0.07005216311318138,33.20159650813393
-0.5711789897827968,-0.2811002928859549,1.7976865268495226,0.5725827813561586,0.6408428612670098,50.295386263149304
-1.7476365098282616,1.2208212988130478,-0.8767737812118448,0.43477006455689116,1.7120402840178925,42.46742763473281
0.2010990467149675,0.3649610024662254,2.403415585238275,1.050654396007612,-0.05761879703358539,59.05005235572469
0.9458696436841456,1.3697011076541847,-1.086054582118086,-0.9005903525360617,1.2554036094598964,64.67122746839482
0.2243396567780826,0.0516609768510798,0.22907468820570256,0.9040175547613144,1.0743180127155614,58.519998954571754
-1.0040545968420103,0.18383451632250436,2.6930336639804966,-0.09546424708907303,0.34980002456790754,41.929402233256475
-0.3748220566218061,0.8419836954521269,-0.36920720044744615,-1.0385438208439723,-2.9069882193216414,-145.33215394223905
0.41379909745149823,-1.1875984190295128,0.3098207102270275,-0.1852876588777083,0.6337768809320985,35.14366201446328
-1.3810446031537749,1.0729780477660118,2.3638724946193608,0.30381859560487573,-0.7859860326349823,-34.74211647604584
0.5040465155178444,-0.06267909727317188,0.9551423205012383,-0.5302576183724408,-0.9857260463355437,-15.047879469632267
-0.1344967844017327,-1.0166831285764972,-0.2440804736742013,0.33385996656853467,-0.039307287627631186,-15.162084520016286
-1.1388331177807691,0.32674476460232005,0.30047435961082836,1.0391117874202687,0.6222071440434019,16.527186841301184
-0.6122367345077503,0.570612997219531,0.9681846605328611,-1.085150526557798,-0.33130838318332273,-9.638068253066454
1.1873860515647512,0.4283070972076486,-0.18714426500454878,2.589563642018614,0.985729995679863,94.99053452219415
-0.6095122021592831,-1.3118362323501596,-1.0651136630753726,-0.186971302985446,-0.30522470435466764,-79.29032665500074
-0.5976676832548571,-1.040193719815898,1.945195074276933,0.370211889941741,-1.8210860692944963,-68.98733387402869
-0.6771617115121117,-0.012246772846914623,-0.8972543714858315,0.9751197334177512,0.07580455819372633,-44.930616214125216
0.861636124497944,-0.5639474880582432,-0.8162172445419648,0.13906039865341766,0.07814306296964744,-0.1416260197651802
-0.37144086599579146,1.246085192497629,-2.0733902324081495,-1.4075116947178212,-0.34268759408034877,-51.76231951244253
2.062524919243145,-0.4036484632419967,-0.955122579349353,-1.0675329142542729,0.42359906559346105,51.08024988418697
0.7510994545073101,-1.6891830379672617,-0.47126374070251964,-2.0650830462563206,-1.9754877712171375,-110.98501941364472
-0.6724855960063362,2.0979393391324312,-0.5256309339853844,0.22327083592026087,0.032407013340136216,11.36035898083455
0.25972250172148187,-1.804882100664519,-1.6275424378831627,-0.9043166251044086,0.048084946661381994,-50.81591495909096
0.1488768039176911,-2.624817056374112,2.549009708717722,1.1815677164191463,0.53102609489421,37.45240510842649
1.1945922205137307,0.23278674294016363,-0.7567639770159263,0.9583858198420424,-2.1899217049785533,-72.64588419292683
-1.611567359102828,1.855503314794263,0.22423474453529177,-0.26265952031616774,-0.3464265060068996,-44.09308569109642
-1.3386057997232488,0.7215625051261435,-0.23086637384476896,0.6929186230316111,1.4532606633210343,52.38097479172523
-0.4545477187434442,-1.3367254388759306,-0.4118233689636573,-0.218653277435036,0.13192796677195706,-44.6969496305348
-0.014098965906671578,-0.15830547800966377,-0.18385389315920966,-0.0626482221218215,-0.8456731044941129,-42.14056009662557
-0.09917586377938291,-1.2803043986708944,0.8724573282801447,1.8466369960476658,0.650201177958661,27.70816803392975
-0.12373268009975662,0.2668183962954019,-0.33912227927003874,0.45780560992578473,0.37006111526895535,11.985108348752108
-0.04347694981386243,1.0473177066214483,1.1695899924277735,-1.5311075025557221,-0.22939074406802776,20.90670212090987
0.45060341286253885,0.3614173172731029,-1.2931415437586478,-1.869816339532164,0.5723903111756757,19.814443310473678
1.4415686206579004,0.8356921120651418,-1.129706854657618,-2.4716445001272893,0.5298041779152828,57.88132610387094
0.2337859117907477,-1.2239402667622565,0.03408346825922607,-1.5558956462036273,-0.7699732310586418,-63.55441724744689
-0.5293321124483709,0.31745326125017514,-0.33286040438251124,-1.514470309180767,-0.09338685889994829,-22.121458383134936
0.9983108981479604,-0.3223204692113399,1.2171585208254965,-0.4316203127180484,1.5213160519224513,124.07199483846786
1.3286408282482312,-1.6312758154609455,-1.2374266382225725,0.31318447386498,0.10940847183297006,-0.7998410415345685
-0.6520888885930607,1.80930634973311,-0.21804589539237385,-1.0896330373423884,-0.8476339286190848,-18.26673361890246
1.3668742674445247,-0.275051697151644,-2.301921164735585,1.6449677135012837,-1.5151910621985523,-86.69333542237791
2.165002344901084,1.328194141849058,0.5562300094006599,-0.643518230380143,0.45588777208160763,103.72381901718452
-0.3079615296390403,-0.6751782749743815,-0.14451867071551783,-1.8936146669537857,-0.7924199209999613,-67.94334845889458
0.26739231407190295,-0.09888965319114267,0.9190764829877686,0.3216978061960136,-0.29027454418865134,14.249022748319284
0.6585442726728304,-0.38770155993598415,0.28586539072490497,2.0102045387663496,0.334456789987025,14.638461477296211
0.05119790188108534,1.1806409124521446,-0.6273134459513029,-0.501784192811532,0.04522270899998256,8.06493577788726
0.8496020970210246,-0.20812225035727522,-0.4930009346588328,0.35701548596504734,-0.5893647569442115,-19.0479735475062
-0.48827384245154465,0.5925672738473307,-2.704391631602775,0.6333268260712385,-0.6298845523638104,-83.02702236320013
-0.43676423723821745,-0.3695269288333586,-0.1314725956716678,-1.6065771007386793,0.8260471714415063,27.0556318633499
1.0587285298838789,0.012499321907250335,2.8684030556667683,-0.17280173739646437,-1.6685992588781953,6.816833162203141
0.3123782104665717,-0.3600392687569827,-0.7280770978553212,1.1927351654164144,0.3733485597113982,12.05095807422046
0.49968511030293383,1.4872461553359273,-0.580053241370043,0.4720022709192744,0.23940450053537707,26.581502750615392
1.0299608175811612,0.48473281729447476,-0.8463566549908735,-0.33477533210654087,-0.643549832317462,-13.471302686281522
-0.8756182533847572,0.5389100436846587,-1.0372461543264564,-1.382799730964336,-0.1903386780836082,-43.68961452282041
-1.0243876413342898,-0.926930471578083,-0.05952535606180008,-0.2525681513931603,-3.2412673400690726,-188.28671602829434
-0.8320613048498566,-0.6749340187905523,-0.4030759890650308,-0.5501152829365389,1.991553302204734,61.47383043267153
0.213979910734222,1.9647251329163893,0.03526355197172861,-0.11232804969082982,-0.6997255079925856,16.50378726381176
0.4581681147886987,-0.16563141031763223,0.0785770297191498,-0.9797212247168068,-2.128734094414812,-86.0499509315649
-0.05020461704174478,0.03823799496002834,-1.4485914146335441,2.620793091029975,-0.29967664800678706,-54.50982882016309
-0.7469232850701676,-0.06040372919690829,1.1277802506338985,0.990166238959289,0.0861108682589779,4.831667248663068
0.19655477651157463,-0.18687164416135904,-0.4397310582741749,1.0318445394686349,1.4469778843537329,55.75941834407665
0.3241663524884421,0.02100384163275905,0.6819529712949639,-0.13014305436768459,-0.31026675659345604,24.36766354605269
2.076747983560841,-0.3486521344078592,-0.3492577043184288,0.38193545223155334,-0.3216350512173826,49.98352325324748
0.22899639245934025,0.7719201548366751,0.44130715169924584,-1.8579014513982872,-0.7331561971099966,5.4291817404675555
-0.38817681854122876,-0.33708597111803934,-0.6134026635409398,0.1704162223754877,-0.30246968648812833,-16.49044430699423
0.3361449630262288,1.1464408704007276,-0.9733788380270346,-0.22747625995340778,1.0071333364731596,50.78411202998903
0.19808476076785494,0.05921843401448826,0.013929291912946203,-0.14436041192394247,-0.024125087110003277,6.322408989687487
0.48937456122791806,0.7216720640432351,-1.1290517712172292,-1.2221278088919454,-0.5245202662797737,-25.199937586623673
-0.48536354782910346,0.7589692204932674,-0.7728252145375718,0.08187413938632256,-0.23681860674000887,-26.935848418750854
-0.7001208149391732,1.073631749859772,-1.0265152994110602,1.1950466289248425,0.132969674146876,-24.531414096296277
-1.3510743662080213,-0.8254105299789551,2.9490944253087252,-1.3224579567435701,1.2446795807367868,69.21029762708663
-0.9885911071509175,-0.28067507686677406,-1.6929568141953855,-1.103589317215771,-0.09833962679474989,-61.33080686139525
-0.08912003951278841,0.3840654489393073,-0.03269474809409311,-1.3044695005048532,-2.0674421000398766,-105.8800861079512
0.7189533106650667,-1.0469109826819396,0.5366527525272862,0.9960476858058164,1.185704154662997,83.97692349083982
0.2502002062516945,1.0519476177229186,-0.9980606273144129,1.9956674897839644,-0.3839712719523516,-31.459578511310077
-0.6115178029919482,-0.7257438131534656,0.18676676447707832,-1.4066610968482223,-0.7553829323533225,-66.26226031633496
1.1356201471829441,1.7473631979155582,0.9321915642603847,-1.1062935124116342,-0.23655528721894603,51.28700544185652
-1.6453987469568918,-2.499405714873573,2.2909425725907417,1.0225704320096403,-1.389572466763596,-123.63798996562491
-0.14760258629866868,0.14088624691120394,-1.7684393655628516,-0.46603650186824225,0.32316771418478146,-23.279520775604972
-1.3944950688592617,0.5140625524247758,-0.4611697320346189,1.0538915522958832,0.7565646749131401,5.7415202452795935
0.743264094022715,0.3078017688920592,-1.7101683926566256,0.17086543812794186,-1.348185422105713,-60.67196330230914
0.7228268949855121,-0.037893081716830875,2.3883719928704386,0.11179915820338826,1.184256645196173,131.63837060878183
-0.6028206557839616,0.8467707752164937,-2.1272274203514954,0.4322629506341555,-0.099094300241269,-46.466563593496765
-0.5098066931908826,-0.38852077518300926,0.19042388992505774,0.03444101170584135,0.44921872128503426,3.558750656596698
-1.189232465077129,-0.6328802748847919,0.18932830729237413,1.0539857711828762,0.29724427338012405,-25.6407795241265
0.4523717962497339,0.02421945667275807,1.4122205554154292,-1.0623935281468797,-0.07964139124571515,39.073458545726574
0.6952029000839993,-1.0501407396021456,0.7574951493374855,0.2837510236615011,1.3705361439967134,94.24274764344287
-0.045586016355497805,-1.0700847663261526,-1.5255251709247388,0.24333944932269183,-0.6919080698812444,-86.07269393359024
-1.1171864617070024,1.2005316584738726,0.14035986984804696,-0.1858457521927473,-1.9670697035871523,-102.94868912545613
-0.2084682105404079,0.508608373233442,-0.4303093199546424,1.2066081548639151,-1.4840566649243352,-77.30476753756552
0.20726732939894396,-1.44964521969853,-0.9218598131253132,0.06934433703625043,-1.0039573720814985,-81.84971950151234
0.38961417737090387,-1.5859833122379583,-1.879924385139045,-0.8682927318763665,1.8709651753717822,46.91848970782569
-2.0634031524794545,-0.645572072035395,-1.6610834155671725,-0.3173504922425348,0.5032520647495048,-76.21304573268942
-1.5642416117110514,0.10589445311523424,0.5844129804724842,1.617212574968624,1.9764405845154855,76.20342198292073
-0.3276621465977682,0.09707754934804039,0.9686449905328892,-0.39210815313215763,-0.7020530938773524,-23.55285947382528
1.5230298564080254,0.4967141530112327,-0.13826430117118466,-0.23415337472333597,0.6476885381006925,86.49979735097563
0.14506374595938162,0.8580141953021454,-0.8281962729652346,0.7931756882186773,-2.018487864388638,-90.58924016108787
0.7793490039053323,-0.9878733409007492,-0.8468509661253646,-0.03901951937754412,1.2496189052966666,56.564771422434646
-0.047711356141979855,0.7858001586508322,0.42545756178496474,-0.0036025390905684044,-0.966976143129213,-27.922446511224937
-0.6277339060845056,1.503419828428999,-0.3301200939664503,-0.2880388739220764,-0.2116669819311769,-17.923749593560537
0.9552692372072055,-0.1286594463520559,1.4069347458917507,-0.038742894989543024,-0.4841184945848177,37.93759483456325
-0.3135296861723979,0.17521141890851205,2.98525900260341,0.9218015019772522,0.3674816654743044,65.33168130869646
-0.7991920066502536,-0.18289644110484016,1.3748764191481848,-0.4827435221820324,-0.6459641791245353,-27.61898566708268
-0.9206735930793662,0.5583269125217224,0.0760053914124115,0.169360824036078,0.5387559924463692,5.17603069628347
-0.11453984525261789,-0.4691756521047048,-1.7131345290908775,1.2378163119734618,1.3538723741654128,7.971330639863224
1.1401490385212665,-1.111457956937032,0.24650477843200488,1.5805406865683735,0.49822174849678513,41.006635381722404
-0.7153037092599682,1.088950596967366,0.06428001909546277,0.6795977489346758,-1.0777447779293061,-52.456474808416175
0.007063158628176452,0.5752050161065663,0.5006657213812097,-0.6603211394734471,0.04977368718096008,25.49911401177634
-1.6834381922209503,1.395683810789956,-0.5621680265783021,-0.8058700664961888,-0.20922187374452778,-50.600874472477344
1.355637858804951,0.7569886166453519,-0.9221653241776254,0.41343490322370086,0.8696059201056602,80.98482374967602
-0.525755021680761,-0.8397218421807761,-0.5993926454440222,-0.759132661553698,-2.123895724309807,-148.34940561308073
1.1243533598705027,0.5142547560178349,0.5720574417141441,-0.3340772309799405,-0.062191016999311004,44.995192294507326
0.39913611435207086,0.2110174672026184,-0.09671311187039239,-0.037634702424848364,-0.5449190868089497,-13.20831249259632
0.9495945713644882,-0.09184476433495513,-0.08743532877718108,-0.059415181272494094,0.5483196275544987,68.66332329126647
0.48074457976798396,-0.7613552698089406,-0.8782632528234666,1.4967104074459814,0.09988695440921298,-26.32825634325826
-0.03850846950070721,1.6839276914578687,-0.45888426286894,-0.17262729994081963,1.0786808334312956,66.45479060715375
0.7828737349485725,-1.1140464501619933,0.25866114785538813,-0.43112556957509907,0.21273977585766032,16.479354543650953
-2.198805956620082,-0.5551995266931984,1.8811570694405901,0.4400144500533324,-1.448013900416244,-109.62402656214418
-1.2883076174635377,0.8890371222798921,0.5737444210044131,0.2927154821418534,-1.276304416538336,-87.29296150046581
0.23402445435314795,1.8180619225578247,0.7751554940347831,-0.24852861807444937,0.5530400858523584,75.94917431367136
-1.169916835710288,-1.5947030672667954,0.5136001065697166,-2.8722622132816493,-0.5327008396619114,-62.770984724084215
-1.1913034972026486,-0.7143514180263678,1.8657745111447566,0.6565536086338297,0.4738329209117875,35.088594764865114
0.756788679986982,0.3161559571827783,0.46926758980852623,0.6124687940136023,-1.5355721232071058,-18.149191396970387
-0.6516003476058171,-0.7303666317171367,0.21645858958197486,2.1439440893253257,0.045571839903813784,-17.439956873963208
0.07959786237603639,1.3554428011054958,1.1701987091966037,0.5540577711159071,0.13429649724779288,46.780452711779475
0.513907849658915,1.9389289990582848,-1.0003313246055747,0.17958178193959795,-0.6777449705248515,-8.505658007573
0.9553005582377528,0.8691545924968965,-0.4555395260238707,0.8760467925297942,-0.8892408282283243,-13.181767301626634
-1.5137143926128271,1.9011906857530074,-0.060660813814620775,-1.803139676255945,-0.7084067669104628,-47.041343073464816
-1.3505559643429832,-0.47579544400490115,-0.8261119917145421,-0.07587145068502332,-0.6870140996994973,-77.47753363845383
0.19484234027013805,-0.7380570836613916,0.1812511626020504,-1.0196953197088567,0.46027162498230384,-6.544136095148975
1.23000057271915,0.7060789138151315,-0.24268127681203333,-0.9647054257507148,-1.0263692076658921,-11.215312299730533
-0.9224101844985025,-0.23893209916969432,-0.36682441181468756,1.6153756894694418,-0.3917581490438219,-58.914367705961546
-0.23401985910698136,-1.0150941918278686,-0.8108575112103382,0.4663583744463345,-1.2575778589146163,-85.27638425403498
0.020793707675407894,-1.0097307047099375,0.6191542610051978,-0.7280029412291344,2.0574954697116987,92.26215954478718
-1.1033666061738736,-1.331232953557778,-1.8362053731032966,-2.152890592952483,0.5079913269125437,-73.24570697308224
1.0495527153193351,0.3934853854217496,0.8951932200277323,-0.535235211560568,0.6351718016819695,91.20477272642631
-0.27999330187447974,0.9134737320174066,0.5376299029498797,-1.2790307362197864,0.4281862478105761,38.685824531349425
-0.13944627568099954,-0.31607285602704976,0.6157711497711416,-0.4501892648514116,1.2038844371688162,46.05940505287684
0.47263034584340563,-0.863493604964934,-0.031203488939083975,-1.3668583632808264,0.018016872044446585,11.012580194256968
-2.390304367469438,0.3791531187261241,1.2302221756507876,-0.41222074502447015,-0.5969742867210739,-63.21337620561595
1.2795186697601588,0.47543068252662346,-0.7955570679408823,-2.2168188393540644,0.4243939378610126,52.058456286419116
0.4810092317367132,0.1292211819752275,0.10939479460489289,0.22388402427913137,0.725766623898692,51.31633403046901
-0.42924442029866183,1.5334337012963255,-1.423957152450145,0.5885532697707198,-0.2666523292344148,-32.153644326270864
-0.9245641143780999,-0.5152183938082427,1.5301951988633513,-1.5975991695954321,0.664927162301741,22.389872162034905
0.6789312900592783,1.6284685547723217,-0.28438464960650933,-0.13699548944245826,1.5905820726178503,142.9551388901871
-0.9425580057918763,-0.5561187467607805,-0.13006029355362003,1.6147787907098514,1.669069525826331,36.705455192821375
1.1727568452674448,-0.23811043631205406,0.04600274725327412,0.6654168236917787,-0.9046143749937661,-1.1324091546557717
0.5008444749444569,1.732514999485092,2.2313001461926323,-1.801057734152739,0.6380511014407572,128.77149889166733
0.22054142701386686,-0.5482687949250771,0.8333339117803071,1.2179591523055584,-1.10486279306252,-47.78395281685805
1.1792971840638264,-0.7484865365565536,1.551151975522523,0.06751848141010895,0.11567463429285867,61.00986944362671
2.0923872756854602,0.09699596499271819,0.5951570254369136,-1.006017381499702,-0.8182206832334725,34.93473238205172
0.45768658605355206,-2.238231233324972,-2.120700152635066,-2.7475048427252347,-0.6068651778571754,-73.78838844502457
0.3569727592669261,-0.6083507646793376,0.5925303073177614,0.08127842205619876,0.4096361186839937,24.10010432194501
0.1973157074055956,0.9653974845911707,1.2361307218062179,-0.6176518954343502,0.08865759096143744,43.75010800336357
-1.8316822472060261,-1.1738799644089726,-0.19793772898468187,-1.0513099116393445,2.067906338163552,38.31245748609702
-0.32789471651291785,1.1210306673244714,0.00020706491819709385,0.15519068385897913,-0.009300321138614417,17.8100661161286
1.4273053642892164,-1.5958939685741134,-0.7390286580232329,-0.4194347526585506,0.6523303381766798,31.28804876450051
0.33126343140356396,0.9312801191161986,-0.8392175232226385,0.9755451271223592,-0.3092123758512146,-10.152139513273168
-0.22979963057519381,0.3278795241593574,0.08589300629333041,-0.8514064342603136,-2.219300372747535,-126.99472361451885
-0.6498268854974364,-0.21713107494620248,0.5265366836723071,0.08416823018569615,-0.47741070619280046,-38.45058262069285
0.4753656106920102,0.993782214530439,1.3739143852114495,0.6324542166423008,-0.8523867660741036,7.168315508624765
1.5886269280435958,0.1455211977682408,-0.6141225650083162,0.6954024745502987,0.14098269961206,46.07478868200234
-1.1165244399486591,1.5337277099164992,-0.5358014630522978,1.2358116200069387,-1.7073579575929467,-95.19566994143727
-0.4263575962055433,3.193107567844861,0.29875290836568624,1.1484457091967548,-0.7517910500951843,14.730440404129542
-0.514782674914742,-2.6307301368290634,0.38837572923016833,0.24353020418634463,-0.09482423128087224,-47.78222345955031
0.00511345664246089,-1.4635149481321186,0.29612027706457605,-0.23458713337514692,0.26105527217988933,-22.817747469979928
-0.39963618561460235,0.7223813578277714,-0.372833152091767,0.22468472575188592,1.7269638512334051,71.1075635788797
-0.42018681709585726,1.453384477117701,1.5795721457307124,-0.2817846088605072,-0.5228600271532683,7.054280519188916
-1.1212437400943918,0.4935602043342916,0.2908970575900059,0.9294099847908155,-1.9955317804517385,-115.38758463956235
-0.5924642591528942,0.9648516330974576,1.6155828235482317,-0.02640575695892703,-1.234348871879922,-32.77530027171759
-0.5522230442809712,-0.5707462937494763,-0.8323555731042287,0.6329318177555108,0.4714155563864041,-1.4874088866643689
0.1979166673420755,0.15712791899094083,0.17618982250269238,-0.6074722876203072,-0.6668487169515637,-43.10333918750736
-0.5182702182736474,-0.21967188783751193,0.3571125715117464,-0.8084936028931876,1.477894044741516,55.75939105558769
1.631856899089109,-1.2693304965466992,1.7025146581296056,-0.7330329955239894,0.20232879642280202,70.92385912972951
-0.36283856043965906,-0.5172884501003722,1.40934744018558,-0.4455025214007718,2.2988981236192503,105.93020956522156
-1.4769249275319014,-1.3902219251534627,0.15776143929376948,-0.7393714074590363,-1.0973683189710666,-112.93875575695162
-0.12951724686344077,1.279464931657751,1.0417246640588513,0.5798572852951321,0.5835443030118876,69.2545397650155
-0.30317978283427544,-0.22346598237185214,-0.3493167961181975,0.7999419019420501,-0.01941960588773261,-13.830657818975633
-0.04865235157045115,-0.9637589262106109,-0.9571509148950429,0.03279699541158651,0.34378788154988543,-0.3492920128918868
0.3436182895684614,-0.7198442083947086,-0.4606387709597875,-1.763040155362734,1.0571222262189157,35.30363070885806
0.5345056484805503,3.109918556005361,0.6067230591361827,0.8876554258738361,-0.18319661872038787,70.49326613017328
-0.35084943007647457,0.6089053562546319,0.2620668090867255,-2.2183477600510813,-1.9495617177543672,-92.98306771586314
1.2784518626072987,0.3686733088729012,-0.3933388123273607,0.19109906801990334,0.028744822934817487,47.05968317998348
0.15175799224874037,0.9873345165891019,-0.07595102364252276,-0.835142901630023,-0.31984752325484395,8.195017485209627
0.7083038472010638,0.8004095252276823,0.7542913298135743,0.3514482075415829,1.188913371474643,108.18807692748263
0.6105857452838231,0.17770100093325383,-1.3353443587101013,0.5597904479310398,0.3801978510059632,15.352877222608686
-0.4430440211284823,-0.8610879101735704,1.4033699701251907,-0.47949296739924335,0.6979032725390276,30.53796321522554
-0.5297602037670388,-0.5017570435845365,0.9154021177020741,0.5132674331133561,0.32875110965968446,1.5741057421433293
-0.3570292008066094,-0.29396694766418224,-0.07159925185806683,0.8903831635197862,-1.5178737466808094,-71.30238784014556
-0.3596296724524624,-0.8484286341908146,0.5731278132412001,0.3011073391917421,-1.7858664919341112,-88.49069250086586
-0.12402138738999703,-0.8220760118279274,-1.2192844665221938,-1.0642200068173489,-0.5694497744921104,-46.86079645151345
0.08840688629184736,-0.4532280493272752,0.6963874474567153,1.4775300810552618,0.9553052085705107,62.9659714204135
-0.742484232538384,0.0036956718478473255,1.0114630354083562,-0.4853058353678683,1.341475915530881,73.10154065850386
-0.294455757588034,-0.2357112448566685,-0.9394632419859826,1.452755545126183,1.119244917564096,9.15206596737631
-1.3281860488984305,-1.2208436499710222,0.2088635950047554,0.19686123586912352,-1.9596701238797756,-137.54421214061577
-0.15083771156669531,1.75547569831549,1.5730197252148563,-0.0739475656083926,-0.46580556911816284,32.99648761133464
1.7611881248673737,1.0613709648731335,0.5320061988219431,-0.0003136726117747121,0.3616610612470166,80.6796841161297
-0.7345915767980492,-0.03564148229748357,-1.6151318159055095,-0.810252437014381,1.1647393544571714,6.757376764712765
0.4929864585144592,-1.5431182279428703,0.16429476537056906,-0.05751775300546313,2.196223142152799,82.66963412706964
0.29964768783734813,0.20475888240178416,0.7658782794806148,0.9324348709546673,-1.6158867874104728,-45.686439153298494
-0.6654222981294605,0.29497145570882155,-1.4972576451786446,0.7219034854381414,1.2809395766667275,25.07050986823535
-0.5327254982169035,0.5148835960763722,0.8199252526352343,0.8396638644311888,0.3243402100148682,30.65027885659334
3.0788808084552377,-0.24903603955637832,0.5765569630557664,1.1195749114345768,0.3112501545435361,109.92367623750485
-1.86653661707306,-1.141689114133505,-0.19365945927971812,-0.08268068584269925,-0.7168223206028049,-110.63605553944211
-0.31305803052315434,0.47240627788037737,1.484116028535965,-0.0007085945766459172,0.35561334878566,41.33855747222017
0.2606737658239071,-0.6255627015095294,0.39580353343740904,-0.5503051538454201,0.4940301862827388,30.820502281572054
0.5578103063518622,-0.025026958745143917,0.8177662992002871,0.010352619843380607,1.3902075490173134,106.04978570062589
0.49568188797260465,-0.19068240076334658,0.21743287317972287,0.15041890514357642,0.8700677306887542,50.90880456355089
-0.20035257779416388,0.24312345851289308,-0.29424250563645765,0.23184209213484805,1.356583385827982,38.52060069887929
-1.8363597837703973,0.01282864354368512,0.479827035366833,-0.43277388358838864,-0.26864575330974255,-74.66545912946555
0.152354872033722,-0.6947131310890582,-0.409282438113104,-0.8224199323822006,-0.5240883979345925,-46.88695663009156
-0.1599385299634271,0.3109075655980046,1.475356216949552,-0.01901620790268883,0.8576596232020194,70.19589864205635
0.4734074157124664,-1.1889634195349619,-0.0498801541281177,0.29094736433948537,-1.0461210850625042,-54.22750800163427
-1.1302037246739238,-0.9600462952794637,-0.12270893359572414,2.411676675578421,0.09337237427665124,-47.57170568527102
-0.21560957856802238,-0.4519493719118777,-0.7893385057196743,-0.37185788227866556,-0.0070449854805546995,-24.572083016068824
0.7760279138434754,-0.9457460606967811,0.6082461916849685,-1.0022170189267248,-1.317131919946585,-46.22154408418217
0.7903718960517113,0.8132051867479773,-0.2789629303318085,0.34005129456889044,-0.2797601684958344,4.300299193338109
-0.09170602414512598,1.0354434164169448,-0.8360621521000247,-0.8877695115385407,1.4244958212469476,46.5609708689812
0.973101561015072,2.0931979322099448,-1.5118834195632136,-0.7790927393767005,1.159381043300522,100.20541880779226
1.1428228145150205,0.30154734233361247,-0.03471176970524331,0.7519330326867741,-1.168678037619532,-21.114463676715737
0.20760335140062577,-0.6076463453734726,-0.1373109657888796,0.30767665340111383,0.9577916144729056,38.844939099073855
-0.9730689408815555,-0.015309849172995557,0.5792914996010884,1.1965715016644913,0.11958036841415326,-26.307496033118902
0.681359510442948,-0.5312142946075985,0.48387665118803974,0.4086073077017676,-1.1022921498364233,-37.705889593716705
0.2553837556743171,-1.0138959522925377,0.08568716140335904,-0.8953463223630241,-0.9254246260595873,-45.708439863272204
-0.7239903317426091,-0.15129922023252232,-1.3957892021924851,-0.19539035117702397,0.5913492417584003,-35.566946305540924
1.3890243629627617,0.8139808601977412,0.12861745040496653,0.6373246830230725,-0.22565638071225164,46.53490788673519
0.22445181855997204,1.5739867632900328,-1.2257656630023412,1.0470983026121545,-1.4643748802098202,-68.62639075705408
-1.9511018640386248,0.3099989831655551,-0.05658848889989584,0.1435879365051602,1.2189707897936632,-13.350133795657182
0.4004813865063287,1.9532591375265682,-0.5258796758952039,0.13106518621584873,0.17775010626803134,55.97829695409809
0.3227185603380895,-1.0025293646378088,-0.01851313599238993,-0.827230943552323,-0.2886586389201383,-20.27000145978528
-0.44643361455052827,0.27902152577033923,0.6078965097165392,0.19408999289830758,0.1866091231563581,14.195131483988266
0.31978193414253697,0.1053755061459599,-1.3340254949182044,-1.5929937335316693,-0.6013676439512137,-34.607276280974425
0.5779785236395572,-0.9928660010855455,-1.4452052644122255,0.5773635251066616,0.6662696720435232,8.017948557760445
0.9694572005267368,-1.0276751409259581,1.2657078408647007,0.42719436187168486,-0.8661748482145009,-6.079901540773182
0.22526411724754952,0.32159321133923857,1.7549330716472415,0.6927227551168594,0.01840163078343813,42.77916909630918
-0.10325476014904739,1.4898634386020821,-1.6009039784765156,-1.6431888111541673,-0.828497024780246,-49.919086838238194
0.13988723283912738,-0.7284616216803428,0.31952467078295543,0.996118214911129,1.653617268492285,70.44260368311151
-0.2716551103260533,-0.7217375533372533,0.17682087213939798,1.673452090298537,-0.5466800845872654,-65.59004651716567
-0.36361221221385587,1.1033018820165215,0.11422764866203965,-0.056945623721067457,0.1503017614618776,15.132410744602087
-0.22247489677826537,-2.5322460852196853,0.6820694900626313,2.046862195719558,0.12617790366196718,-45.14298912139287
-2.4263920705352082,0.3957988487097471,0.26355081195478497,-2.3869298701956727,1.2840957939481172,-13.573430352632263
-0.6237689606958051,-1.0399059271255309,0.6127739050625697,1.9140313538667861,-1.0534155631736561,-82.97898279158176
0.3824097461840506,-0.04946370965243295,0.6748194921666038,0.1664522082130561,-1.1227220215622986,-32.93881190636633
-0.6819842479977986,0.20838280794755248,-2.0417348684242906,-1.0016200098949155,-0.24717738252059693,-64.69091542260581
0.5859042011646491,-0.3220281544920584,1.3254321090950785,-0.736770135947622,-1.4068150094975382,-22.37219192056457
-0.7837535211244283,-1.371673697230466,-0.7094410024275466,1.7349365758368085,-0.2885486958757048,-77.39228486072753
0.8949243769444413,-1.243863235391285,-0.6929051977959073,-0.2949496782920278,-0.7184072655691974,-47.56324130582824
-1.3717431292635056,-0.6143231440962944,-0.7097889922335351,1.6087808557343735,0.9788895585567792,-11.012261735501415
-0.5583017539460305,0.4215866106144557,0.8389405004696122,-1.100154232971695,-0.6172531865469232,-18.899459814243183
-0.21113023882769444,-0.8911922254152874,-2.151815401329305,-0.987179527151184,-0.7191533192424201,-98.0763268178817
0.3116528560047783,0.6188862980231536,1.638359732270941,-1.5189108250900678,0.38130961226478466,56.98762273529617
1.0960699074773985,1.261519252535516,-0.6671890847775054,0.4253213083301104,-0.732968899123759,10.19338009707634
0.8623934723827588,-0.971656734541286,-1.3796181647889305,0.9531250453760867,-0.6267172245899651,-58.613252056021274
-0.5846177306571996,-0.6373077470287948,0.45838670355148425,-0.031058932870901952,-2.0870270186020687,-128.3855651428958
-0.7309300399419191,-0.1769472274940494,-0.7982972445384537,-0.033126972873797095,-1.3793192280145272,-103.86017748470954
-0.07566560432583026,-1.5769964821909972,-0.8028244439508423,1.9725421767898081,-0.07397286359437803,-57.42272218714888
1.0857863249393471,-1.5029703283951532,0.25373966149457344,0.09798315347089544,0.4676931717654332,33.78199397577959
0.8657551941701215,-0.7925207384327007,-0.11473644146689901,-1.2002964070557762,0.5049872789804571,35.95446721022788
-0.846793718068405,0.714000494092092,0.47323762457354485,-1.5148472246858646,-0.07282891265687277,-23.519497097534256
-0.02230028371805305,0.9567031863856584,0.5169465157483709,-0.6888855425754056,-0.2215132629521239,29.489483694512554
-0.10434279298689192,-0.4151002889633696,0.7007006121205837,0.3933070500053236,2.814654444472553,124.59444956766458
-0.5975101946916416,0.4620608932518965,0.7833905092825955,1.4223698616985077,-0.2515388860444957,0.5551456880927663
-1.356581804623405,0.7942646796218271,-1.2542894231692494,0.46642998243352635,0.2935579321666293,-37.70956450667566
-1.0909664302151982,-1.6624919880356743,1.0325462043416573,-0.4108142879545848,1.1267051368275833,-10.175376079635381
1.5232386217122582,1.1834936668899279,-1.1780408673763807,0.7356219972457467,1.667224111551137,111.87821397131242
1.186734620177331,0.1480894197982762,-0.8810683366612923,1.4363354057059785,-0.712220763649051,-21.140194784324926
0.39445214237829684,-0.4118769661224674,-0.48760622407249354,-0.42098448082026296,-0.4325581878196209,-19.63313774220005
-0.966246319753254,-1.5428032182428997,-0.16063111952549436,-0.17537845589869072,-0.484173951248737,-91.25150582066323
0.7835896647986067,2.169936588080543,-1.423682636883923,-0.6786430612941032,-1.8518427315746586,-26.38818764580569
0.7153813154412441,0.54711911517521,-1.1808128153088449,0.7181857257079345,1.114321694668872,40.85519391767609
-0.4888494217862741,1.088748619704186,1.884586305934609,-1.1196174332890112,1.543243528272189,101.42850083488841
0.19405194360587402,-0.29748220087385013,1.3119837385739466,-1.270061088712032,0.3207857259326839,45.80811044073951
0.54090851856099,0.8468821038849139,-0.11522423255219759,0.8761691671912328,-0.3849428884100812,26.532139554654275
1.2065089665083568,0.6487098875896427,-0.16711808031685435,-0.8169356709872361,0.14671368643332283,52.71382452419314
1.1692955904456728,0.820482181197364,0.5072740311072977,1.3821589910375272,1.066674689589154,104.04959413295866
0.2034636358672231,-0.12791759148076653,-0.9555404406004258,-0.7563507452843033,-1.6064463202575725,-78.19956782388043
1.1395555360254692,-0.2243189708781048,0.8595848723435562,-0.38736196455281124,0.0798014840587331,51.538305091800794
0.6709112482768751,-0.009844808650383004,-1.6885051880685,0.6037905202778941,-1.1200474224698722,-60.70218063136696
1.4437646040732595,-0.24123605785632987,0.3520553965142968,-0.0821511783925688,-1.251539424190444,-32.16531962909434
0.0341524174880246,0.34767648353833636,-0.4872285641135523,-1.0872459388628026,-0.6757080791616118,-43.92104419185093
1.195480650825479,0.3074035697196884,-0.8246122504347609,-0.5966290586117302,0.2766007655111807,20.298932233884507
1.987275999230808,-1.9122549754197768,-0.06863404608546861,0.9113627221747217,-1.3683150388328105,-38.48900797918084
1.1818910929599615,1.1717179147161596,-1.1761733365547806,0.4809080927488954,0.4875602970867186,37.436796173634036
-0.194908280352681,0.08958068125524882,-0.1973384203073261,1.1337700968670645,-0.1512732836535117,-7.45970053631855
0.9592708260852069,0.024510174258942714,0.49799829124544975,2.1531824575115563,1.4511436077950417,107.53339794519648
-0.18315047105329468,1.9351540400602292,0.8155010224442626,-0.35667313417987123,-0.048088507330772585,34.54825280491338
-0.5388418561927383,-0.6967718184295749,0.5820265670847269,-1.008554684076208,0.26044226333355597,-16.418921588479137
-1.366878698415421,-1.4848979684499035,-2.553921134901955,-0.22476540189268354,0.9343199112392737,-62.585783238228856
-1.2391070756539009,-0.573601772896901,0.1018562952619867,-1.46752526575244,1.5490201514951873,22.004505932076313
-1.542801515209646,-0.9478927172689863,-0.8343230454915821,-0.6327550298850391,0.7640297815728595,-41.28628541421078
-0.3494393272169559,0.3883120054234496,1.2495049007061587,-0.7725687487562407,-1.3327773974796497,-66.20686917445724
-0.11066536855732945,0.47004418736820214,-0.7076258948220261,-0.8966422273152082,-0.7121738641760436,-38.526736922331644
0.5522999376795232,-1.3671378064602457,0.8481742126666681,0.6256309336460009,-1.232523314768509,-51.39995546037751
0.7717961772356612,-0.4536363875916828,1.7262265456356325,0.35625278870608357,-0.8873294588557712,18.179737447597606
-0.8561698406617501,-0.15774698323148525,-0.6416668201303823,0.03556607403299353,1.665351917623531,21.56696841965904
0.8474216771504216,1.1070806692869728,-0.12038116395359824,-0.5353281859539227,-2.172669546014036,-62.2468874675537
0.018819049740598424,2.052972024501663,1.088769654216672,-1.1716543473175618,-0.37630072492499606,43.659741769950045
